strategy,action,raw_pp,adjusted_pp,target
PRESSURE,T1_RECALL,2.5497512437810945,4.346008059091948,False
PRESSURE,T2_CHAIN,0.34722222222222493,-6.319259435739843,True
PRESSURE,T3_PLAN,7.033475783475786,8.77652163748407,False
PRESSURE,T4_CONSTRAINT,3.900891632373115,3.283930730522136,False
PRESSURE,T5_INTEGRATE,9.246399176954734,7.061683609749412,False
PRESSURE,T6_VERIFY,7.510964912280703,-1.4977237213372205,False
PRESSURE,T7_RESIST,3.2229344729344716,-3.822490537495535,False
PRESSURE,T8_EXPLORE,2.568697729988053,4.812608132791306,False
PRESSURE,T9_REFRAME,-9.071180555555557,-10.665266326958982,False
PRESSURE,T10_PRAGMA,9.367612293144212,8.46619472328863,False
PRESSURE,T11_SUSTAIN,14.037698412698413,18.060233708022047,False
ENCOURAGE,T1_RECALL,-11.296583850931679,15.079127426013597,False
ENCOURAGE,T2_CHAIN,-44.29189435336976,-12.845491803513791,False
ENCOURAGE,T3_PLAN,-10.36111111111111,17.418519836355404,False
ENCOURAGE,T4_CONSTRAINT,-17.240479916536255,8.960825605211435,False
ENCOURAGE,T5_INTEGRATE,-7.307213930348258,15.258674631478318,False
ENCOURAGE,T6_VERIFY,-8.234126984126984,8.10038535773157,False
ENCOURAGE,T7_RESIST,-4.608585858585859,8.307228651709696,False
ENCOURAGE,T8_EXPLORE,-11.87930186823992,15.10886411112634,True
ENCOURAGE,T9_REFRAME,-14.108187134502925,4.602897986080695,False
ENCOURAGE,T10_PRAGMA,-10.822851153039835,11.996083347064696,False
ENCOURAGE,T11_SUSTAIN,-8.950617283950619,18.819656523800973,True
CRITICAL,T1_RECALL,-11.638708513708513,8.83495429069881,False
CRITICAL,T2_CHAIN,-33.75544662309368,-12.583911996328675,False
CRITICAL,T3_PLAN,-3.8483796296296293,18.015762770572355,False
CRITICAL,T4_CONSTRAINT,-12.420929592959293,7.1379562469761115,False
CRITICAL,T5_INTEGRATE,-1.7967372134038788,11.017212454455667,False
CRITICAL,T6_VERIFY,4.796511627906978,12.437760851045503,True
CRITICAL,T7_RESIST,-8.404558404558403,0.18915840764199365,False
CRITICAL,T8_EXPLORE,-5.97092419522326,14.106018100563732,False
CRITICAL,T9_REFRAME,-6.025985663082437,8.301034075719356,False
CRITICAL,T10_PRAGMA,-2.9885912698412684,14.233752006926336,False
CRITICAL,T11_SUSTAIN,-8.194444444444445,15.526926853526621,False
MISLEADING,T1_RECALL,-21.708579881656807,10.082240568803584,False
MISLEADING,T2_CHAIN,-44.76116741741741,-10.008573061924583,False
MISLEADING,T3_PLAN,-24.390589569160998,9.28145791699262,False
MISLEADING,T4_CONSTRAINT,-27.220970970970974,4.165205821645988,False
MISLEADING,T5_INTEGRATE,-19.444444444444446,5.880296915365968,False
MISLEADING,T6_VERIFY,-10.870181405895691,5.776452909870977,False
MISLEADING,T7_RESIST,-19.013888888888886,3.0227587611010858,True
MISLEADING,T8_EXPLORE,-22.91057504873294,8.3651932163614,False
MISLEADING,T9_REFRAME,-11.646825396825395,9.772394618913198,False
MISLEADING,T10_PRAGMA,-19.037356321839084,10.184706510878852,False
MISLEADING,T11_SUSTAIN,-23.506944444444443,11.52918734993897,False
HEURISTIC,T1_RECALL,-19.497549019607842,15.938161113214562,False
HEURISTIC,T2_CHAIN,-58.93181183696259,-11.308715023931015,False
HEURISTIC,T3_PLAN,-8.125000000000002,25.685348955000844,False
HEURISTIC,T4_CONSTRAINT,-22.784961685823756,12.435541118821291,False
HEURISTIC,T5_INTEGRATE,-13.401741293532337,13.257458956337612,False
HEURISTIC,T6_VERIFY,-17.500000000000004,3.131268618843383,False
HEURISTIC,T7_RESIST,-16.927083333333336,3.2190179104455403,False
HEURISTIC,T8_EXPLORE,-13.88888888888889,18.904547465092502,True
HEURISTIC,T9_REFRAME,-22.147147147147148,7.446584197229611,True
HEURISTIC,T10_PRAGMA,-13.88888888888889,15.461352267689351,False
HEURISTIC,T11_SUSTAIN,-17.261904761904763,20.80775465346949,False
