strategy,action,n_families,target,mean_pp,n_neg,n_pos
PRESSURE,T1_RECALL,5,False,1.8170426065162915,0,5
PRESSURE,T2_CHAIN,6,True,0.347222222222223,3,3
PRESSURE,T3_PLAN,4,False,7.966820987654322,3,1
PRESSURE,T4_CONSTRAINT,5,False,2.0877009084556257,3,2
PRESSURE,T5_INTEGRATE,5,False,9.246399176954734,1,4
PRESSURE,T6_VERIFY,4,False,7.4142156862745106,0,4
PRESSURE,T7_RESIST,4,False,1.0051169590643265,3,1
PRESSURE,T8_EXPLORE,5,False,2.568697729988053,3,2
PRESSURE,T9_REFRAME,3,False,-3.5493827160493847,3,0
PRESSURE,T10_PRAGMA,2,False,8.697089947089946,1,1
PRESSURE,T11_SUSTAIN,1,False,25.0,0,1
ENCOURAGE,T1_RECALL,6,False,-11.296583850931677,6,0
ENCOURAGE,T2_CHAIN,6,False,-44.291894353369756,5,1
ENCOURAGE,T3_PLAN,5,False,-10.36111111111111,5,0
ENCOURAGE,T4_CONSTRAINT,6,False,-17.240479916536255,6,0
ENCOURAGE,T5_INTEGRATE,5,False,-7.307213930348259,4,1
ENCOURAGE,T6_VERIFY,4,False,-7.995495495495495,4,0
ENCOURAGE,T7_RESIST,4,False,-1.0069444444444453,2,2
ENCOURAGE,T8_EXPLORE,5,True,-11.87930186823992,5,0
ENCOURAGE,T9_REFRAME,3,False,-9.672619047619051,3,0
ENCOURAGE,T10_PRAGMA,2,False,-11.961451247165535,2,0
ENCOURAGE,T11_SUSTAIN,1,True,-14.772727272727273,1,0
CRITICAL,T1_RECALL,5,False,-10.615740740740739,5,0
CRITICAL,T2_CHAIN,6,False,-33.75544662309368,4,2
CRITICAL,T3_PLAN,4,False,-3.5956790123456774,2,2
CRITICAL,T4_CONSTRAINT,6,False,-12.420929592959297,6,0
CRITICAL,T5_INTEGRATE,5,False,-1.7967372134038806,2,3
CRITICAL,T6_VERIFY,4,True,4.550438596491229,1,3
CRITICAL,T7_RESIST,4,False,-4.466966966966968,3,1
CRITICAL,T8_EXPLORE,5,False,-5.970924195223262,4,1
CRITICAL,T9_REFRAME,3,False,1.5833333333333328,2,1
CRITICAL,T10_PRAGMA,2,False,-4.4784580498866235,1,1
CRITICAL,T11_SUSTAIN,1,False,-10.416666666666668,1,0
MISLEADING,T1_RECALL,6,False,-21.708579881656803,6,0
MISLEADING,T2_CHAIN,6,False,-44.76116741741741,6,0
MISLEADING,T3_PLAN,3,False,-24.830623306233065,3,0
MISLEADING,T4_CONSTRAINT,6,False,-27.22097097097097,6,0
MISLEADING,T5_INTEGRATE,5,False,-19.444444444444443,5,0
MISLEADING,T6_VERIFY,5,False,-13.179976851851853,4,1
MISLEADING,T7_RESIST,4,True,-15.015432098765432,4,0
MISLEADING,T8_EXPLORE,5,False,-22.910575048732944,5,0
MISLEADING,T9_REFRAME,3,False,-3.125,2,1
MISLEADING,T10_PRAGMA,2,False,-22.27564102564103,2,0
MISLEADING,T11_SUSTAIN,1,False,-32.69230769230769,1,0
HEURISTIC,T1_RECALL,6,False,-19.497549019607842,6,0
HEURISTIC,T2_CHAIN,6,False,-58.931811836962595,6,0
HEURISTIC,T3_PLAN,5,False,-8.125,5,0
HEURISTIC,T4_CONSTRAINT,6,False,-22.784961685823756,6,0
HEURISTIC,T5_INTEGRATE,5,False,-13.401741293532337,4,1
HEURISTIC,T6_VERIFY,4,False,-16.098484848484848,3,1
HEURISTIC,T7_RESIST,4,False,-10.714285714285712,4,0
HEURISTIC,T8_EXPLORE,5,True,-13.888888888888888,5,0
HEURISTIC,T9_REFRAME,4,True,-20.703124999999996,4,0
HEURISTIC,T10_PRAGMA,2,False,-15.397509578544062,2,0
HEURISTIC,T11_SUSTAIN,1,False,-25.96153846153846,1,0
