strategy,action,n,mean_pp,se_pp,lo,hi,p,q_strat,q_all,base_pp,net_pp,target
PRESSURE,T1_RECALL,134,2.5497512437810945,1.8240803156009215,-1.0254461747967119,6.124948662358901,0.16449163359706018,0.2836680731284142,0.21540571066281688,1.7871732026143787,0.7625780411667158,False
PRESSURE,T2_CHAIN,174,0.34722222222222493,3.572532611449523,-6.65494169621884,7.34938614066329,0.9226862872941235,0.9226862872941234,0.9226862872941235,1.7871732026143787,-1.4399509803921537,True
PRESSURE,T3_PLAN,39,7.033475783475786,5.282770757714014,-3.3207549016436824,17.387706468595255,0.1909901395104399,0.2836680731284142,0.24428971332730684,1.7871732026143787,5.246302580861407,False
PRESSURE,T4_CONSTRAINT,162,3.900891632373115,2.3980829617540955,-0.7993509726649122,8.601134237411141,0.10576266535801872,0.2836680731284142,0.1530775419655534,1.7871732026143787,2.113718429758736,False
PRESSURE,T5_INTEGRATE,54,9.246399176954734,4.55058689209243,0.32724886845357126,18.165549485455898,0.04718835690600278,0.2836680731284142,0.08651198766100511,1.7871732026143787,7.459225974340355,False
PRESSURE,T6_VERIFY,38,7.510964912280703,5.838868156592614,-3.9332166746408204,18.955146499202225,0.20630405318430123,0.2836680731284142,0.25788006648037654,1.7871732026143787,5.723791709666324,False
PRESSURE,T7_RESIST,39,3.2229344729344716,4.456006932585999,-5.510839114934087,11.956708060803031,0.47393756369929657,0.5213313200692262,0.5111091373227709,1.7871732026143787,1.4357612703200928,False
PRESSURE,T8_EXPLORE,93,2.568697729988053,3.025910344010281,-3.3620865442720977,8.499482004248204,0.39813995996179463,0.4866155066199712,0.46590846378507883,1.7871732026143787,0.7815245273736742,False
PRESSURE,T9_REFRAME,32,-9.071180555555557,4.987080851859395,-18.84585902519997,0.7034979140888566,0.0785935267427819,0.2836680731284142,0.12007344363480568,1.7871732026143787,-10.858353758169937,False
PRESSURE,T10_PRAGMA,47,9.367612293144212,4.962556893459204,-0.3589992180358266,19.09422380432425,0.06538978692855664,0.2836680731284142,0.11238869628345673,1.7871732026143787,7.580439090529834,False
PRESSURE,T11_SUSTAIN,14,14.037698412698413,9.075545929002438,-3.7503716081463647,31.82576843354319,0.14591157538604788,0.2836680731284142,0.20062841615581584,1.7871732026143787,12.250525210084035,False
ENCOURAGE,T1_RECALL,161,-11.296583850931679,2.3956657781709474,-15.992088776146737,-6.601078925716622,5.21767391155943e-06,1.913147100905124e-05,2.391433876131405e-05,-28.78820033955858,17.4916164886269,False
ENCOURAGE,T2_CHAIN,305,-44.29189435336976,3.1772198081556335,-50.519245177354804,-38.06454352938472,1.7210577784908278e-34,1.8931635563399107e-33,3.155272593899851e-33,-28.78820033955858,-15.503694013811185,False
ENCOURAGE,T3_PLAN,50,-10.36111111111111,4.738901117289293,-19.649357300998126,-1.072864921224097,0.03359222998042573,0.05278778996924043,0.06598473746155054,-28.78820033955858,18.427089228447468,False
ENCOURAGE,T4_CONSTRAINT,213,-17.240479916536255,2.450160396325038,-22.04279429333333,-12.438165539739181,2.6844783066775618e-11,1.476463068672659e-10,1.6405145207473988e-10,-28.78820033955858,11.547720423022323,False
ENCOURAGE,T5_INTEGRATE,67,-7.307213930348258,3.73591523441783,-14.629607789807205,0.015179929110688661,0.054707350473616356,0.07522260690122248,0.09706142825964192,-28.78820033955858,21.48098640921032,False
ENCOURAGE,T6_VERIFY,42,-8.234126984126984,5.290349923923231,-18.603212835016517,2.134958866762549,0.12728916794489484,0.15557564971042703,0.17951036505049273,-28.78820033955858,20.554073355431594,False
ENCOURAGE,T7_RESIST,44,-4.608585858585859,4.4942852638768445,-13.417384975784476,4.200213258612757,0.31089345173590344,0.3419827969094938,0.3799808854549931,-28.78820033955858,24.17961448097272,False
ENCOURAGE,T8_EXPLORE,113,-11.87930186823992,2.824982062541289,-17.416266710820846,-6.342337025658995,5.276425527421463e-05,0.0001451017020040902,0.00017070788471069438,-28.78820033955858,16.908898471318658,True
ENCOURAGE,T9_REFRAME,38,-14.108187134502925,5.259342390581323,-24.416498220042318,-3.799876048963533,0.01085799439374314,0.02388758766623491,0.023887587666234906,-28.78820033955858,14.680013205055653,False
ENCOURAGE,T10_PRAGMA,53,-10.822851153039835,4.509309681930091,-19.661098129622815,-1.9846041764568572,0.02000549650984043,0.03667674360137412,0.04231931954004707,-28.78820033955858,17.965349186518743,False
ENCOURAGE,T11_SUSTAIN,18,-8.950617283950619,11.2980273762809,-31.09475094146118,13.193516373559943,0.4391435504873513,0.4391435504873513,0.4929162301388637,-28.78820033955858,19.837583055607958,True
CRITICAL,T1_RECALL,154,-11.638708513708513,2.6902189530191696,-16.911537661626085,-6.365879365790941,2.725054241189572e-05,9.99186555102843e-05,0.00010561438156877715,-20.908874045801525,9.270165532093012,False
CRITICAL,T2_CHAIN,255,-33.75544662309368,3.522231329559938,-40.65902002903116,-26.851873217156204,9.08843205827298e-19,9.997275264100277e-18,9.997275264100277e-18,-20.908874045801525,-12.846572577292157,False
CRITICAL,T3_PLAN,48,-3.8483796296296293,5.581542535434115,-14.788202999080495,7.091443739821235,0.4939094831948948,0.6036671461270937,0.5224042610715234,-20.908874045801525,17.060494416171895,False
CRITICAL,T4_CONSTRAINT,202,-12.420929592959293,2.6882341818793916,-17.689868589442902,-7.151990596475686,6.8328707139245595e-06,3.758078892658508e-05,2.8908299174296212e-05,-20.908874045801525,8.487944452842232,False
CRITICAL,T5_INTEGRATE,63,-1.7967372134038788,4.741970819283464,-11.09100001919947,7.497525592391711,0.7060559183748357,0.7060559183748357,0.7191310279743697,-20.908874045801525,19.112136832397645,False
CRITICAL,T6_VERIFY,43,4.796511627906978,6.088368697189515,-7.136691018584471,16.729714274398425,0.4352284224534253,0.6036671461270937,0.4929162301388637,-20.908874045801525,25.705385673708502,True
CRITICAL,T7_RESIST,39,-8.404558404558403,5.760291785128367,-19.694730303410005,2.8856134942931977,0.1527684823920529,0.3360906612625164,0.20493333003811975,-20.908874045801525,12.504315641243123,False
CRITICAL,T8_EXPLORE,107,-5.97092419522326,3.292998166932805,-12.425200602411557,0.4833522119650375,0.0726279452538486,0.19972684944808364,0.11467562453545574,-20.908874045801525,14.937949850578265,False
CRITICAL,T9_REFRAME,31,-6.025985663082437,6.264286331753195,-18.3039868733187,6.252015547153825,0.3437603026141389,0.6036671461270937,0.4110177531256009,-20.908874045801525,14.882888382719088,False
CRITICAL,T10_PRAGMA,56,-2.9885912698412684,5.395939353284269,-13.564632402278436,7.587449862595898,0.5819200260800051,0.6401120286880057,0.6038792723471752,-20.908874045801525,17.920282775960256,False
CRITICAL,T11_SUSTAIN,20,-8.194444444444445,10.621714796169972,-29.01300544493759,12.6241165560487,0.44991129785424966,0.6036671461270937,0.4949024276396747,-20.908874045801525,12.71442960135708,False
MISLEADING,T1_RECALL,169,-21.708579881656807,2.705158757295806,-27.010691045956587,-16.406468717357026,1.6719855463551943e-13,6.130613669969046e-13,1.313702929279081e-12,-32.7930790960452,11.08449921438839,False
MISLEADING,T2_CHAIN,296,-44.76116741741741,3.08494486994313,-50.807659362505945,-38.71467547232888,2.245415099563628e-36,2.469956609519991e-35,6.174891523799978e-35,-32.7930790960452,-11.968088321372214,False
MISLEADING,T3_PLAN,49,-24.390589569160998,5.485717644749728,-35.14259615287047,-13.638582985451531,5.1595551359210624e-05,9.459184415855282e-05,0.00017070788471069438,-32.7930790960452,8.4024895268842,False
MISLEADING,T4_CONSTRAINT,222,-27.220970970970974,2.629238783575465,-32.37427898677888,-22.067662955163062,9.818957133490926e-21,5.400426423420009e-20,1.3501066058550024e-19,-32.7930790960452,5.572108125074223,False
MISLEADING,T5_INTEGRATE,71,-19.444444444444446,4.344293078955836,-27.959258879197883,-10.929630009691008,2.8803922246030132e-05,6.336862894126629e-05,0.00010561438156877715,-32.7930790960452,13.34863465160075,False
MISLEADING,T6_VERIFY,49,-10.870181405895691,6.137597017660892,-22.899871560511038,1.1595087487196576,0.08289653729921721,0.08289653729921721,0.12322458247180937,-32.7930790960452,21.922897690149505,False
MISLEADING,T7_RESIST,50,-19.013888888888886,4.586333880051653,-28.003103293790126,-10.024674483987647,0.0001338322501862961,0.00021030782172132243,0.00040893187556923806,-32.7930790960452,13.779190207156311,True
MISLEADING,T8_EXPLORE,114,-22.91057504873294,3.149001710543147,-29.08261840139751,-16.73853169606837,4.87029904759446e-11,1.3393322380884766e-10,2.678664476176953e-10,-32.7930790960452,9.882504047312256,False
MISLEADING,T9_REFRAME,35,-11.646825396825395,5.33527498933587,-22.103964375923702,-1.1896864177270903,0.03603728241856343,0.03964101066041977,0.06834657010417203,-32.7930790960452,21.146253699219802,False
MISLEADING,T10_PRAGMA,58,-19.037356321839084,5.531162695159961,-29.878435204352606,-8.196277439325561,0.0010885914700451713,0.0014968132713121104,0.0031511858343412852,-32.7930790960452,13.755722774206113,False
MISLEADING,T11_SUSTAIN,20,-23.506944444444443,9.538557972058578,-42.20251806967926,-4.811370819209628,0.02343006901363345,0.028636751016663107,0.04772791836110518,-32.7930790960452,9.286134651600754,False
HEURISTIC,T1_RECALL,170,-19.497549019607842,2.5913286282657806,-24.576553131008772,-14.418544908206911,3.002484834199726e-12,1.1009111058732329e-11,2.0642083235123116e-11,-41.45229468599034,21.954745666382497,False
HEURISTIC,T2_CHAIN,398,-58.93181183696259,2.592123349349464,-64.01237360168754,-53.85125007223764,7.05941981331174e-74,7.765361794642914e-73,3.882680897321457e-72,-41.45229468599034,-17.47951715097225,False
HEURISTIC,T3_PLAN,50,-8.125000000000002,4.434124302873492,-16.815883633632048,0.5658836336320423,0.07297539743165365,0.07297539743165365,0.11467562453545574,-41.45229468599034,33.32729468599034,False
HEURISTIC,T4_CONSTRAINT,232,-22.784961685823756,2.5135105916756793,-27.711442445508087,-17.858480926139425,5.482905341308302e-17,3.015597937719566e-16,5.025996562865944e-16,-41.45229468599034,18.667333000166582,False
HEURISTIC,T5_INTEGRATE,67,-13.401741293532337,4.3051546952396285,-21.83984449620201,-4.963638090862666,0.0027379110161975385,0.0033463356864636582,0.0062743794121193595,-41.45229468599034,28.050553392458,False
HEURISTIC,T6_VERIFY,50,-17.500000000000004,5.326152277691654,-27.939258464275646,-7.060741535724361,0.001884129752275047,0.002960775325003645,0.004710324380687617,-41.45229468599034,23.952294685990335,False
HEURISTIC,T7_RESIST,48,-16.927083333333336,5.100071002571245,-26.923222498372976,-6.930944168293696,0.0017510810058074444,0.002960775325003645,0.004586164539019498,-41.45229468599034,24.525211352657003,False
HEURISTIC,T8_EXPLORE,112,-13.88888888888889,2.7488455325610652,-19.27662613270858,-8.501151645069202,1.7276899211674402e-06,4.75114728321046e-06,8.638449605837201e-06,-41.45229468599034,27.56340579710145,True
HEURISTIC,T9_REFRAME,37,-22.147147147147148,6.744428505304246,-35.366227017543466,-8.928067276750827,0.002285394043117223,0.0031424168092861818,0.005465072711802055,-41.45229468599034,19.30514753884319,True
HEURISTIC,T10_PRAGMA,64,-13.88888888888889,4.176443785054078,-22.074718707594883,-5.703059070182897,0.0014750713647235644,0.002960775325003645,0.004056446252989803,-41.45229468599034,27.56340579710145,False
HEURISTIC,T11_SUSTAIN,21,-17.261904761904763,8.967580861568873,-34.838363250579754,0.3145537267702281,0.06858111053640459,0.07297539743165365,0.11430185089400766,-41.45229468599034,24.190389924085576,False
