scheme,title,scope,n,n_cats,T,T_null,T_z,P,P_null,P_z,V
v2,v2 认知层级×对象 (12类，原有),all,2801,12,0.0147435730607075,0.0251305766912529,-2.0524106717439925,0.0445344010550561,0.0477472211508825,-0.991234356450872,0.0847836358698727
v2,v2 认知层级×对象 (12类，原有),common,1552,12,0.0158741849997174,0.0348559267617233,-2.729763464948081,0.0342405048961458,0.0396084144234514,-1.224794971091761,0.0904822971983506
s1,s1 需求维度 x 要求类型 (12类，新),all,2801,10,0.0081412081217748,0.0181449334957004,-2.385204259306171,0.0277435978078491,0.0301643849216189,-0.7992087494084994,0.0597116003231016
s1,s1 需求维度 x 要求类型 (12类，新),common,1552,10,0.0069691884423507,0.0206690574195239,-2.4446049221466244,0.0262407678639479,0.0300604004921768,-1.0330626650439458,0.0616887670569395
s2,s2 易错环节归因 (8类，新),all,2801,8,0.007928049973018,0.0155193998080572,-1.7389737384523445,0.0285088955893791,0.0321172410124388,-1.2895151143817178,0.063767286612527
s2,s2 易错环节归因 (8类，新),common,1552,8,0.0107506114078592,0.0229677754205391,-1.935470496441133,0.0266041117473182,0.0310276128970849,-1.1275077530082602,0.0733637594468199
dataset,数据集/主题 (6类，基线),all,2801,6,0.0100473972787504,0.0156132731781742,-1.2201807009715413,0.0948158976250048,0.0824328434406591,4.641990799721769,0.0760086916574784
dataset,数据集/主题 (6类，基线),common,1552,6,0.0073161024883187,0.0122299103996096,-1.4813971567504214,0.0203621877934491,0.0234606583336994,-0.99424589425511,0.061497437539962
v4,v4 所需思维动作 (11类),common,1552,10,0.020681289490554727,0.03153142488186599,-1.4475492707557764,0.027721632541852975,0.027359728583462008,0.07785867454502902,0.09107899759296466
