hr_tercile,strategy,action,n,mean_pp,se_pp,p,lo,hi,q_strat,q_all,base_pp,net_pp,target
plain低,PRESSURE,T1_RECALL,57,11.829922027290447,3.2264732031949515,0.0005483029192206569,5.506034549028342,18.15380950555255,0.003015666055713613,0.0019495214905623356,1.7871732026143787,10.042748824676067,False
plain低,PRESSURE,T2_CHAIN,95,21.491228070175445,4.509209996685492,6.831760445726983e-06,12.653176476671883,30.32927966367901,7.514936490299681e-05,3.9038631118439906e-05,1.7871732026143787,19.704054867561066,True
plain低,PRESSURE,T3_PLAN,16,23.26388888888889,10.628630461815256,0.044843670195348934,2.4317731837309893,44.09600459404679,0.07046862459269118,0.08541651465780749,1.7871732026143787,21.47671568627451,False
plain低,PRESSURE,T4_CONSTRAINT,76,13.742690058479532,4.388223305825536,0.0024780482154178047,5.14177237906148,22.343607737897585,0.006814632592398963,0.007342365082719422,1.7871732026143787,11.955516855865152,False
plain低,PRESSURE,T5_INTEGRATE,25,22.944444444444446,8.55440558649586,0.013027629155002352,6.177809494912559,39.711079393976334,0.02460416022746337,0.03158213128485419,1.7871732026143787,21.157271241830067,False
plain低,PRESSURE,T6_VERIFY,25,19.0,7.118296066397415,0.01342045103316184,5.048139709861067,32.95186029013893,0.02460416022746337,0.03181275024464858,1.7871732026143787,17.21282679738562,False
plain低,PRESSURE,T7_RESIST,26,9.027777777777777,5.7477440968808695,0.12883231719984128,-2.237800652108728,20.29335620766428,0.1417155489198254,0.1892554667933779,1.7871732026143787,7.240604575163398,False
plain低,PRESSURE,T8_EXPLORE,47,9.958628841607563,5.314534078651449,0.06731159203958044,-0.4578579525492774,20.375115635764402,0.0925534390544231,0.11706363832970511,1.7871732026143787,8.171455638993184,False
plain低,PRESSURE,T9_REFRAME,18,-2.4305555555555554,5.6221751157317685,0.6709458056828074,-13.450018782389822,8.588907671278712,0.6709458056828074,0.7352830747208847,1.7871732026143787,-4.217728758169934,False
plain低,PRESSURE,T10_PRAGMA,22,30.208333333333332,7.841281959076872,0.0009239372779370749,14.839420693542664,45.577245973124,0.003387770019102608,0.0030797909264569166,1.7871732026143787,28.421160130718953,False
plain低,PRESSURE,T11_SUSTAIN,5,42.50000000000001,19.6165498438889,0.09618214564558333,4.051562305977761,80.94843769402226,0.1175559557890463,0.15389143303293334,1.7871732026143787,40.71282679738563,False
plain低,ENCOURAGE,T1_RECALL,60,4.62962962962963,2.902895978414641,0.11609331881015311,-1.0600464880630662,10.319305747322325,0.43861812519712134,0.17860510586177403,-28.78820033955858,33.417829969188205,False
plain低,ENCOURAGE,T2_CHAIN,91,11.286630036630035,3.9864681571238862,0.0057196870882114965,3.473152448667218,19.10010762459285,0.06291655797032646,0.015002457936292448,-28.78820033955858,40.074830376188615,False
plain低,ENCOURAGE,T3_PLAN,16,10.026041666666668,10.472452617059238,0.35355633525227,-10.499965462769438,30.552048796102774,0.5555885268249957,0.409920388698284,-28.78820033955858,38.81424200622524,False
plain低,ENCOURAGE,T4_CONSTRAINT,76,-0.5847953216374254,3.932289941521787,0.8821766988006258,-8.292083607020128,7.122492963745277,0.8821766988006258,0.8998355858342221,-28.78820033955858,28.203405017921153,False
plain低,ENCOURAGE,T5_INTEGRATE,27,9.825102880658438,6.367570066914489,0.13491803892388415,-2.65533445049396,22.305540211810836,0.43861812519712134,0.1962444202529224,-28.78820033955858,38.61330322021702,False
plain低,ENCOURAGE,T6_VERIFY,22,8.143939393939396,6.8999872382659495,0.25108474898263816,-5.380035593061864,21.66791438094066,0.4603220398015033,0.3066683957039856,-28.78820033955858,36.932139733497976,False
plain低,ENCOURAGE,T7_RESIST,25,2.7777777777777777,5.727518000718956,0.6320822588306491,-8.448157503631375,14.003713059186932,0.8691131058921424,0.7023136209229434,-28.78820033955858,31.565978117336357,False
plain低,ENCOURAGE,T8_EXPLORE,45,-1.0802469135802455,4.945483694347282,0.828103293672973,-10.773394954500917,8.612901127340427,0.8821766988006258,0.8659903724684684,-28.78820033955858,27.70795342597833,True
plain低,ENCOURAGE,T9_REFRAME,18,-1.4660493827160515,6.11177356429409,0.8132971789067752,-13.445125568732466,10.513026803300365,0.8821766988006258,0.8659903724684684,-28.78820033955858,27.322150956842528,False
plain低,ENCOURAGE,T10_PRAGMA,20,10.17361111111111,7.444747712193686,0.18772187971569526,-4.418094404788514,24.765316627010733,0.43861812519712134,0.2482272789629028,-28.78820033955858,38.961811450669686,False
plain低,ENCOURAGE,T11_SUSTAIN,7,24.404761904761905,16.923335425825375,0.1993718750896006,-8.764975529855832,57.57449933937964,0.43861812519712134,0.2532394149730505,-28.78820033955858,53.19296224432048,True
plain低,CRITICAL,T1_RECALL,58,5.0407088122605375,3.835995746645886,0.19409165701918532,-2.4778428511653994,12.559260475686475,0.26984797709702646,0.25247695222007843,-20.908874045801525,25.94958285806206,False
plain低,CRITICAL,T2_CHAIN,93,15.240442054958184,3.9435272118232563,0.00020701383468376504,7.511128719784601,22.969755390131766,0.0022771521815214153,0.0008122591639323534,-20.908874045801525,36.149316100759705,False
plain低,CRITICAL,T3_PLAN,16,19.57465277777778,11.66243218974669,0.11396757397763072,-3.283714314125735,42.43301986968129,0.25072866275078753,0.1770370081205914,-20.908874045801525,40.483526823579304,False
plain低,CRITICAL,T4_CONSTRAINT,79,5.88959212376934,4.518439776403099,0.1962530742523829,-2.9665498379807342,14.745734085519414,0.26984797709702646,0.2532297732288812,-20.908874045801525,26.798466169570865,False
plain低,CRITICAL,T5_INTEGRATE,29,15.565134099616854,7.45159291646311,0.045933508015110716,0.96001198334916,30.17025621588455,0.12631714704155447,0.08646307391079663,-20.908874045801525,36.47400814541838,False
plain低,CRITICAL,T6_VERIFY,24,25.086805555555557,6.802380481311439,0.0012168524737818877,11.754139812185137,38.41947129892598,0.0066926886058003825,0.003973395832757185,-20.908874045801525,45.99567960135708,True
plain低,CRITICAL,T7_RESIST,24,1.359953703703704,6.037766773768051,0.8237809435324097,-10.474069172881675,13.193976580289084,0.8237809435324098,0.8659903724684684,-20.908874045801525,22.268827749505228,False
plain低,CRITICAL,T8_EXPLORE,48,6.061921296296298,5.476995913753607,0.27401455602294167,-4.672990694660772,16.796833287253367,0.32194661416294157,0.32964157115541853,-20.908874045801525,26.970795342097823,False
plain低,CRITICAL,T9_REFRAME,15,8.75,6.1607382485539635,0.1774109069160375,-3.3250469671657683,20.82504696716577,0.26984797709702646,0.23853567316442015,-20.908874045801525,29.658874045801525,False
plain低,CRITICAL,T10_PRAGMA,22,27.87247474747475,7.880527001735725,0.001954587533333626,12.42664182407273,43.31830767087677,0.007166820955556629,0.006064744132574054,-20.908874045801525,48.78134879327628,False
plain低,CRITICAL,T11_SUSTAIN,8,20.572916666666668,18.082691709458672,0.29267874014812867,-14.86915908387233,56.01499241720566,0.32194661416294157,0.349467152415676,-20.908874045801525,41.4817907124682,False
plain低,MISLEADING,T1_RECALL,58,0.01197318007662831,4.301358200127242,0.9977887456917224,-8.418688892172767,8.442635252326024,0.9977887456917224,0.9977887456917223,-32.7930790960452,32.80505227612183,False
plain低,MISLEADING,T2_CHAIN,91,7.699938949938949,4.150193666193019,0.0668239134432079,-0.4344406357993682,15.834318535677266,0.34924312642219485,0.11706363832970511,-32.7930790960452,40.493018045984144,False
plain低,MISLEADING,T3_PLAN,14,2.0833333333333375,12.46752496996412,0.8698620050891918,-22.353015607796337,26.519682274463015,0.9977887456917224,0.8979220697694883,-32.7930790960452,34.87641242937853,False
plain低,MISLEADING,T4_CONSTRAINT,75,-3.8518518518518507,4.611198798367054,0.40622339353596026,-12.889801496651277,5.1860977929475744,0.7447428881492605,0.46738672521234964,-32.7930790960452,28.941227244193346,False
plain低,MISLEADING,T5_INTEGRATE,30,2.6620370370370368,6.432699624266106,0.6820440536044579,-9.94605422652453,15.270128300598603,0.9977887456917224,0.7423608746715188,-32.7930790960452,35.455116133082235,False
plain低,MISLEADING,T6_VERIFY,26,12.820512820512823,7.616345014119044,0.10476764392786815,-2.107523407160503,27.74854904818615,0.34924312642219485,0.16596854483622678,-32.7930790960452,45.61359191655802,False
plain低,MISLEADING,T7_RESIST,25,-7.055555555555554,5.225078021352227,0.18950872437634197,-17.29670847740592,3.1855973662948127,0.4169191936279524,0.2485360319689731,-32.7930790960452,25.737523540489644,True
plain低,MISLEADING,T8_EXPLORE,45,-8.194444444444441,5.268133133431618,0.12699750051716177,-18.519985385970415,2.131096497081531,0.34924312642219485,0.1892554667933779,-32.7930790960452,24.598634651600754,False
plain低,MISLEADING,T9_REFRAME,19,-0.6213450292397643,5.584894189953882,0.912645659468401,-11.567737641549373,10.325047583069844,0.9977887456917224,0.9183855692763784,-32.7930790960452,32.171734066805435,False
plain低,MISLEADING,T10_PRAGMA,21,14.781746031746032,9.106815045223529,0.12021452753946076,-3.0676114568920845,32.631103520384144,0.34924312642219485,0.1829958230266784,-32.7930790960452,47.57482512779123,False
plain低,MISLEADING,T11_SUSTAIN,8,1.8229166666666656,14.869834016076796,0.9058759120882918,-27.321958004843854,30.967791338177182,0.9977887456917224,0.917342695785612,-32.7930790960452,34.61599576271186,False
plain低,HEURISTIC,T1_RECALL,57,-1.790935672514619,3.3838101453324163,0.5987128222052451,-8.423203557366154,4.8413322123369165,0.8548804237482416,0.6698884723974771,-41.45229468599034,39.66135901347572,False
plain低,HEURISTIC,T2_CHAIN,89,7.318976279650437,3.843503278035966,0.060145431724353195,-0.21429014530005563,14.852242704600929,0.33079987448394255,0.10692521195440567,-41.45229468599034,48.771270965640774,False
plain低,HEURISTIC,T3_PLAN,18,11.419753086419757,7.726527018372376,0.15769788947797814,-3.7242398695901002,26.563746042429614,0.569839765944059,0.21969023075153268,-41.45229468599034,52.8720477724101,False
plain低,HEURISTIC,T4_CONSTRAINT,81,-0.78875171467764,3.5474060410741637,0.8246111731789926,-7.7416675551830005,6.16416412582772,0.8548804237482416,0.8659903724684684,-41.45229468599034,40.6635429713127,False
plain低,HEURISTIC,T5_INTEGRATE,28,5.43154761904762,6.70840529496198,0.4252122930968037,-7.716926759077861,18.5800219971731,0.8548804237482416,0.48251040351410346,-41.45229468599034,46.88384230503796,False
plain低,HEURISTIC,T6_VERIFY,26,1.2820512820512822,6.937677505118193,0.8548804237482416,-12.315796627980376,14.879899192082942,0.8548804237482416,0.8881874532449264,-41.45229468599034,42.73434596804162,False
plain低,HEURISTIC,T7_RESIST,26,-2.1901709401709386,4.987771773616729,0.6643551650491124,-11.966203616459728,7.585861736117851,0.8548804237482416,0.7330815614335034,-41.45229468599034,39.2621237458194,False
plain低,HEURISTIC,T8_EXPLORE,47,-1.0047281323877044,4.092384883436515,0.8071523844272798,-9.025802503923273,7.016346239147865,0.8548804237482416,0.8659903724684684,-41.45229468599034,40.447566553602634,True
plain低,HEURISTIC,T9_REFRAME,16,1.9531250000000007,6.7305660255943005,0.7756461207166591,-11.238784410164829,15.145034410164829,0.8548804237482416,0.8385363467207124,-41.45229468599034,43.40541968599034,True
plain低,HEURISTIC,T10_PRAGMA,25,11.38888888888889,5.34045386936955,0.04339159857409784,0.9215993049245714,21.85617847285321,0.33079987448394255,0.08364645508259826,-41.45229468599034,52.841183574879224,False
plain低,HEURISTIC,T11_SUSTAIN,8,15.885416666666668,11.430821272996896,0.20721446034329422,-6.518993028407248,38.28982636174058,0.569839765944059,0.25901807542911776,-41.45229468599034,57.33771135265701,False
plain中,PRESSURE,T1_RECALL,64,-4.448784722222221,2.024205885297518,0.03164714787766242,-8.416228257405358,-0.481341187039086,0.17405931332714333,0.06737808223713451,1.7871732026143787,-6.2359579248366,False
plain中,PRESSURE,T2_CHAIN,49,-8.361678004535147,2.9005460190269994,0.005881400731308653,-14.046748201828066,-2.6766078072422284,0.06469540804439518,0.015177808338861041,1.7871732026143787,-10.148851207149526,True
plain中,PRESSURE,T3_PLAN,23,-4.257246376811595,3.7458866725640276,0.2679708950186085,-11.599184255037088,3.084691501413899,0.36845998065058666,0.32481320608316183,1.7871732026143787,-6.044419579425973,False
plain中,PRESSURE,T4_CONSTRAINT,72,-4.012345679012346,2.1825484056742313,0.07018969926884747,-8.290140554133838,0.26544919610914786,0.20772956880991025,0.11821423034753256,1.7871732026143787,-5.7995188816267245,False
plain中,PRESSURE,T5_INTEGRATE,24,-0.49189814814814764,3.304493326858114,0.8829636685998304,-6.968705068790051,5.984908772493755,0.8829636685998303,0.8998355858342221,1.7871732026143787,-2.279071350762526,False
plain中,PRESSURE,T6_VERIFY,10,-4.999999999999997,3.6699854041863715,0.2061874701023231,-12.193171392205286,2.193171392205291,0.32400888158936486,0.25901807542911776,1.7871732026143787,-6.787173202614376,False
plain中,PRESSURE,T7_RESIST,12,-3.5300925925925966,3.530092592592591,0.3388006961962009,-10.449074074074074,3.388888888888881,0.4140897397953566,0.39567964519264337,1.7871732026143787,-5.317265795206975,False
plain中,PRESSURE,T8_EXPLORE,42,-4.513888888888889,2.628724754182999,0.09349985498742253,-9.666189407087566,0.6384116293097879,0.20772956880991025,0.1526020707510819,1.7871732026143787,-6.301062091503268,False
plain中,PRESSURE,T9_REFRAME,9,-14.89197530864198,8.590669739708384,0.12123473275517445,-31.72968799847041,1.9457373811864525,0.2222636767178198,0.1829958230266784,1.7871732026143787,-16.679148511256358,False
plain中,PRESSURE,T10_PRAGMA,19,-7.858187134502923,4.450751339918679,0.09442253127723192,-16.581659760743534,0.865285491737688,0.20772956880991025,0.1526020707510819,1.7871732026143787,-9.645360337117301,False
plain中,PRESSURE,T11_SUSTAIN,6,3.5879629629629615,3.9828943444932645,0.4089633845608059,-4.218509952243837,11.39443587816976,0.4498597230168865,0.46738672521234964,1.7871732026143787,1.8007897603485827,False
plain中,ENCOURAGE,T1_RECALL,76,-14.071637426900582,2.5508012742612185,4.7108155170248637e-07,-19.07120792445257,-9.072066929348594,1.7272990229091167e-06,3.140543678016576e-06,-28.78820033955858,14.716562912657997,False
plain中,ENCOURAGE,T2_CHAIN,59,-16.949152542372882,3.5402740438971874,1.205745205858823e-05,-23.888089668411368,-10.010215416334395,3.315799316111763e-05,6.430641097913723e-05,-28.78820033955858,11.839047797185696,False
plain中,ENCOURAGE,T3_PLAN,32,-20.48611111111111,4.306657420574796,4.307038514442552e-05,-28.927159655437713,-12.04506256678451,9.475484731773614e-05,0.00020268416538553186,-28.78820033955858,8.302089228447468,False
plain中,ENCOURAGE,T4_CONSTRAINT,100,-18.16666666666667,2.423836713151579,2.8486475388138037e-11,-22.917386624443765,-13.415946708889578,3.133512292695184e-10,3.798196718418405e-10,-28.78820033955858,10.621533672891907,False
plain中,ENCOURAGE,T5_INTEGRATE,33,-15.74074074074074,3.3904602671615467,5.597234037940148e-05,-22.386042864377373,-9.095438617104108,0.00010261595736223606,0.0002487659572417844,-28.78820033955858,13.047459598817838,False
plain中,ENCOURAGE,T6_VERIFY,15,-21.48148148148148,6.288997481316703,0.00418008416384978,-33.807916544862216,-9.155046418100744,0.005747615725293447,0.011531266658895945,-28.78820033955858,7.306718858077097,False
plain中,ENCOURAGE,T7_RESIST,16,-5.381944444444446,3.3493898582935215,0.1289302867529887,-11.94674856669975,1.182859677810856,0.14182331542828758,0.1892554667933779,-28.78820033955858,23.406255895114132,False
plain中,ENCOURAGE,T8_EXPLORE,62,-15.826612903225804,2.7706597417167442,3.538387534045187e-07,-21.257105996990624,-10.396119809460986,1.7272990229091167e-06,2.4614869802053477e-06,-28.78820033955858,12.961587436332774,True
plain中,ENCOURAGE,T9_REFRAME,13,-17.574786324786327,7.482860272215944,0.036801341272620317,-32.24119245832958,-2.9083801912430776,0.044979417110980385,0.07453436207112975,-28.78820033955858,11.213414014772251,False
plain中,ENCOURAGE,T10_PRAGMA,24,-16.753472222222225,3.8082915457892557,0.00020814141075766558,-24.217723651969166,-9.289220792475284,0.00032707935976204587,0.0008122591639323534,-28.78820033955858,12.034728117336353,False
plain中,ENCOURAGE,T11_SUSTAIN,6,-7.407407407407408,4.806795315710151,0.183942904400715,-16.828726226199304,2.0139114113844876,0.183942904400715,0.24525720586762,-28.78820033955858,21.38079293215117,True
plain中,CRITICAL,T1_RECALL,75,-17.296296296296294,3.0766169819356803,3.166121297950823e-07,-23.32646558089023,-11.26612701170236,1.7413667138729528e-06,2.4122828936768177e-06,-20.908874045801525,3.612577749505231,False
plain中,CRITICAL,T2_CHAIN,56,-22.123015873015873,4.072153963125926,1.301146423947824e-06,-30.104437640742688,-14.141594105289059,4.770870221142021e-06,8.007054916601995e-06,-20.908874045801525,-1.2141418272143483,False
plain中,CRITICAL,T3_PLAN,29,-15.086206896551724,5.317390045758606,0.008369494228418367,-25.508291386238593,-4.6641224068648555,0.01534407275210034,0.020923735571045918,-20.908874045801525,5.822667149249801,False
plain中,CRITICAL,T4_CONSTRAINT,94,-19.939420803782507,2.8175421253964745,2.729461546808012e-10,-25.461803369559597,-14.417038238005418,3.0024077014888133e-09,3.359337288379092e-09,-20.908874045801525,0.9694532420190178,False
plain中,CRITICAL,T5_INTEGRATE,26,-11.057692307692307,4.791925714062199,0.029584135878681295,-20.449866707254216,-1.665517908130397,0.04648935638078489,0.06484194165190421,-20.908874045801525,9.851181738109219,False
plain中,CRITICAL,T6_VERIFY,15,-11.157407407407405,5.919567107512913,0.08038170169800139,-22.759758938132713,0.4449441233179048,0.11052483983475192,0.13258837393484765,-20.908874045801525,9.75146663839412,True
plain中,CRITICAL,T7_RESIST,12,-13.773148148148154,9.352109686581372,0.16885115889812283,-32.10328313384764,4.556986837551333,0.1857362747879351,0.23090756772392865,-20.908874045801525,7.135725897653371,False
plain中,CRITICAL,T8_EXPLORE,54,-12.204218106995885,3.1368321614587353,0.0002810485845871575,-18.352409143455006,-6.056027070536764,0.0007728836076146831,0.0010706612746177427,-20.908874045801525,8.70465593880564,False
plain中,CRITICAL,T9_REFRAME,10,-11.18055555555556,8.940970349394503,0.2426550271598474,-28.704857440368787,6.343746329257666,0.2426550271598474,0.2986523411198122,-20.908874045801525,9.728318490245965,False
plain中,CRITICAL,T10_PRAGMA,24,-13.773148148148145,3.9453843863563223,0.0019710418430865673,-21.506101545406537,-6.0401947508897535,0.0043362920547904485,0.006064744132574054,-20.908874045801525,7.13572589765338,False
plain中,CRITICAL,T11_SUSTAIN,7,-7.638888888888888,4.523417902848412,0.14223249715494427,-16.504787978471775,1.2270102006939991,0.17383971874493187,0.20501981571883857,-20.908874045801525,13.269985156912636,False
plain中,MISLEADING,T1_RECALL,84,-28.39781746031746,2.885311827019151,1.3560196944762624e-15,-34.05302864127499,-22.742606279359922,7.458108319619443e-15,3.616052518603366e-14,-32.7930790960452,4.3952616357277385,False
plain中,MISLEADING,T2_CHAIN,68,-28.993055555555554,3.492083445095283,6.856081947392707e-12,-35.837539107942305,-22.1485720031688,1.8854225355329944e-11,1.0969731115828331e-10,-32.7930790960452,3.8000235404896436,False
plain中,MISLEADING,T3_PLAN,31,-34.72222222222222,4.933641360248213,8.006655252051968e-08,-44.39215928830872,-25.052285156135724,1.761464155451433e-07,7.117026890712861e-07,-32.7930790960452,-1.9291431261770242,False
plain中,MISLEADING,T4_CONSTRAINT,107,-32.59345794392524,2.7111947817856787,1.6107500135821835e-21,-37.90739971622517,-27.279516171625307,1.7718250149404017e-20,5.1544000434629865e-20,-32.7930790960452,0.1996211521199598,False
plain中,MISLEADING,T5_INTEGRATE,31,-29.97311827956989,4.606546783733678,3.415018155564527e-07,-39.00194997568789,-20.94428658345188,6.260866618534966e-07,2.4614869802053477e-06,-32.7930790960452,2.8199608164753087,False
plain中,MISLEADING,T6_VERIFY,19,-33.66228070175438,6.343243611086736,4.8025506196942424e-05,-46.09503817948438,-21.229523224024383,6.603507102079584e-05,0.0002195451711860225,-32.7930790960452,-0.8692016057091863,False
plain中,MISLEADING,T7_RESIST,22,-25.094696969696965,6.432925035675978,0.0008230073145271577,-37.703230039621886,-12.486163899772048,0.0010058978288665262,0.0028017270281775583,-32.7930790960452,7.698382126348232,True
plain中,MISLEADING,T8_EXPLORE,63,-30.180776014109345,3.3888998985674426,1.0783770846019913e-12,-36.823019815301535,-23.538532212917158,3.954049310207301e-12,1.9171148170702068e-11,-32.7930790960452,2.6123030819358526,False
plain中,MISLEADING,T9_REFRAME,11,-10.795454545454547,6.111228502921228,0.10776330566404381,-22.773462411180155,1.1825533202710599,0.10776330566404381,0.1690404794730099,-32.7930790960452,21.99762455059065,False
plain中,MISLEADING,T10_PRAGMA,25,-29.583333333333332,4.8284284925655605,2.495988032246272e-06,-39.04705317876183,-20.119613487904836,3.92226690781557e-06,1.4791040191089019e-05,-32.7930790960452,3.209745762711865,False
plain中,MISLEADING,T11_SUSTAIN,5,-14.444444444444441,6.193416705973138,0.08005670589180479,-26.58354118815179,-2.305347700737091,0.08806237648098528,0.13258837393484765,-32.7930790960452,18.348634651600754,False
plain中,HEURISTIC,T1_RECALL,80,-19.49652777777778,2.851511698654468,1.5273523050258723e-09,-25.085490707140536,-13.90756484841502,8.400437677642297e-09,1.7455454914581395e-08,-41.45229468599034,21.95576690821256,False
plain中,HEURISTIC,T2_CHAIN,62,-23.790322580645164,3.7141377273042724,2.410781473391724e-08,-31.070032526161537,-16.51061263512879,6.629649051827241e-08,2.410781473391724e-07,-41.45229468599034,17.661972105345175,False
plain中,HEURISTIC,T3_PLAN,30,-17.75462962962963,4.528348161452539,0.0004958797206376975,-26.630192026076607,-8.879067233182655,0.000681834615876834,0.0018031989841370817,-41.45229468599034,23.69766505636071,False
plain中,HEURISTIC,T4_CONSTRAINT,100,-21.520833333333332,2.5612222275719465,3.2693833876443843e-13,-26.540828899374347,-16.500837767292317,3.5963217264088226e-12,6.538766775288769e-12,-41.45229468599034,19.931461352657006,False
plain中,HEURISTIC,T5_INTEGRATE,31,-22.64784946236559,4.575778210143374,2.6865796939910972e-05,-31.6163747542466,-13.679324170484575,4.925396105650345e-05,0.00013858038518087143,-41.45229468599034,18.80444522362475,False
plain中,HEURISTIC,T6_VERIFY,18,-29.706790123456784,6.027560336555721,0.000127296875548467,-41.520808383106,-17.89277186380757,0.00020003794729044817,0.0005222435919937108,-41.45229468599034,11.745504562533554,False
plain中,HEURISTIC,T7_RESIST,18,-26.195987654320984,7.604938243973937,0.0030940711880334012,-41.1016666125099,-11.290308696132067,0.003781642563151935,0.008840203394381147,-41.45229468599034,15.256307031669355,False
plain中,HEURISTIC,T8_EXPLORE,59,-19.597457627118644,2.9945318019318785,1.699598720054437e-08,-25.466739958905126,-13.72817529533216,6.231861973532935e-08,1.8129053013913995e-07,-41.45229468599034,21.854837058871695,True
plain中,HEURISTIC,T9_REFRAME,11,-22.41161616161616,8.486126046195109,0.024692767458675588,-39.04442321215858,-5.778809111073745,0.027162044204543146,0.05487281657483464,-41.45229468599034,19.04067852437418,True
plain中,HEURISTIC,T10_PRAGMA,29,-22.365900383141764,4.207570857530993,1.1708120739582888e-05,-30.61273926390251,-14.119061502381017,2.5757865627082354e-05,6.430641097913723e-05,-41.45229468599034,19.086394302848575,False
plain中,HEURISTIC,T11_SUSTAIN,7,-18.154761904761905,6.872024119827094,0.0384459137376639,-31.62392917962301,-4.685594629900802,0.0384459137376639,0.0768918274753278,-41.45229468599034,23.297532781228433,False
plain高,PRESSURE,T1_RECALL,13,-3.685897435897435,2.5313411857261716,0.17102457093408938,-8.64732615992073,1.2755312881258614,0.20522948512090725,0.23189772330046018,1.7871732026143787,-5.473070638511814,False
plain高,PRESSURE,T2_CHAIN,30,-52.38425925925926,7.821576310896757,2.3981174483261714e-07,-67.7145488286169,-37.05396968990162,1.4388704689957028e-06,1.918493958660937e-06,1.7871732026143787,-54.171432461873636,True
plain高,PRESSURE,T3_PLAN,0,,,,,,,,1.7871732026143787,,False
plain高,PRESSURE,T4_CONSTRAINT,14,-8.829365079365079,3.0923358783555503,0.013520418853975646,-14.890343400941958,-2.7683867577882006,0.04056125656192694,0.03181275024464858,1.7871732026143787,-10.616538281979459,False
plain高,PRESSURE,T5_INTEGRATE,5,-12.5,0.0,,-12.5,-12.5,,,1.7871732026143787,-14.28717320261438,False
plain高,PRESSURE,T6_VERIFY,3,-46.52777777777777,21.189092086656057,0.1592754172948612,-88.05839826762364,-4.997157287931898,0.20522948512090725,0.21969023075153268,1.7871732026143787,-48.31495098039215,False
plain高,PRESSURE,T7_RESIST,1,-66.66666666666667,,,,,,,1.7871732026143787,-68.45383986928105,False
plain高,PRESSURE,T8_EXPLORE,4,-9.895833333333332,2.604166666666668,0.032004589062638894,-15.0,-4.791666666666663,0.06400917812527779,0.06737808223713451,1.7871732026143787,-11.683006535947712,False
plain高,PRESSURE,T9_REFRAME,5,-22.5,19.603269993662906,0.31504246471817,-60.9224091875793,15.922409187579298,0.31504246471817,0.3733836618882015,1.7871732026143787,-24.28717320261438,False
plain高,PRESSURE,T10_PRAGMA,6,-12.5,0.0,,-12.5,-12.5,,,1.7871732026143787,-14.28717320261438,False
plain高,PRESSURE,T11_SUSTAIN,3,-12.5,0.0,,-12.5,-12.5,,,1.7871732026143787,-14.28717320261438,False
plain高,ENCOURAGE,T1_RECALL,25,-41.08333333333333,8.459564770785262,5.983338339626635e-05,-57.66408028407244,-24.502586382594217,0.00021938907245297663,0.0002587389552270977,-28.78820033955858,-12.29513299377475,False
plain高,ENCOURAGE,T2_CHAIN,155,-87.32974910394266,2.512074580674874,8.462151772316817e-75,-92.25341528206542,-82.4060829258199,9.3083669495485e-74,6.769721417853454e-73,-28.78820033955858,-58.54154876438408,False
plain高,ENCOURAGE,T3_PLAN,2,-11.45833333333334,13.54166666666666,0.5529293521191795,-37.99999999999999,15.083333333333314,0.5529293521191795,0.6230189883033008,-28.78820033955858,17.32986700622524,False
plain高,ENCOURAGE,T4_CONSTRAINT,37,-48.94894894894895,7.061165688943474,4.030319701613273e-08,-62.78883369927816,-35.10906419861975,2.2166758358873e-07,3.79324207210661e-07,-28.78820033955858,-20.160748609390374,False
plain高,ENCOURAGE,T5_INTEGRATE,7,-33.63095238095239,11.94561442880326,0.030540838862154977,-57.04435666140678,-10.217548100497996,0.055296260735581075,0.0660342461884432,-28.78820033955858,-4.842752041393808,False
plain高,ENCOURAGE,T6_VERIFY,5,-40.55555555555556,14.381205048325238,0.04782624342671438,-68.74271745027302,-12.368393660838091,0.05845429752153979,0.08795630975027931,-28.78820033955858,-11.767355215996979,False
plain高,ENCOURAGE,T7_RESIST,3,-62.03703703703704,27.607502807176996,0.1536598280759597,-116.14774253910394,-7.926331534970124,0.16902581088355567,0.21951404010851386,-28.78820033955858,-33.24883669747846,False
plain高,ENCOURAGE,T8_EXPLORE,6,-52.083333333333336,15.9480493408372,0.022301670004385966,-83.34151004137425,-20.825156625292426,0.04906367400964913,0.05097524572431078,-28.78820033955858,-23.295132993774757,True
plain高,ENCOURAGE,T9_REFRAME,7,-40.17857142857144,16.135600864806044,0.047158564036099235,-71.80434912359128,-8.552793733551592,0.05845429752153979,0.08773686332297533,-28.78820033955858,-11.39037108901286,False
plain高,ENCOURAGE,T10_PRAGMA,9,-41.66666666666667,11.023963796102462,0.0053908820195155945,-63.273635707027495,-20.059697626305844,0.014824925553667885,0.014375685385374919,-28.78820033955858,-12.878466327108093,False
plain高,ENCOURAGE,T11_SUSTAIN,5,-57.49999999999999,18.371173070873834,0.035188529559006136,-93.5074992189127,-21.49250078108728,0.055296260735581075,0.0721815990953972,-28.78820033955858,-28.711799660441415,True
plain高,CRITICAL,T1_RECALL,21,-37.49999999999999,9.355689989796861,0.0006900726730102235,-55.83715238000184,-19.162847619998146,0.002530266467704153,0.002400252775687734,-20.908874045801525,-16.591125954198468,False
plain高,CRITICAL,T2_CHAIN,106,-82.88784067085955,3.452878491547728,1.9471863226413486e-44,-89.6554825142931,-76.120198827426,2.1419049549054834e-43,7.788745290565395e-43,-20.908874045801525,-61.97896662505802,False
plain高,CRITICAL,T3_PLAN,3,-20.138888888888893,15.512713822006022,0.3237502255254425,-50.543807980020695,10.26603020224291,0.3237502255254425,0.3808826182652265,-20.908874045801525,0.7699851569126324,False
plain高,CRITICAL,T4_CONSTRAINT,29,-37.93103448275862,7.651428184302333,3.116135404005588e-05,-52.92783372399119,-22.934235241526046,0.00017138744722030734,0.00015108535292148305,-20.908874045801525,-17.022160436957094,False
plain高,CRITICAL,T5_INTEGRATE,8,-34.63541666666667,12.115473854589021,0.024380285288938534,-58.38174542166115,-10.889087911672188,0.05363662763566478,0.05487281657483464,-20.908874045801525,-13.726542620865146,False
plain高,CRITICAL,T6_VERIFY,4,-57.11805555555556,20.43676377652312,0.06814262065943197,-97.17411255754087,-17.06199855357025,0.09369610340671895,0.11723461618827007,-20.908874045801525,-36.20918150975403,True
plain高,CRITICAL,T7_RESIST,3,-65.04629629629629,29.572608616489816,0.1588598077463718,-123.00860918461633,-7.083983407976248,0.17506144660613407,0.21969023075153268,-20.908874045801525,-44.137422250494765,False
plain高,CRITICAL,T8_EXPLORE,5,-54.16666666666667,18.018123592033046,0.039697373416978425,-89.48218890705144,-18.851144426281905,0.06238158679810896,0.07841456477427837,-20.908874045801525,-33.257792620865146,False
plain高,CRITICAL,T9_REFRAME,6,-34.375,20.789885249892645,0.15914676964194008,-75.12317508978958,6.373175089789584,0.17506144660613407,0.21969023075153268,-20.908874045801525,-13.466125954198475,False
plain高,CRITICAL,T10_PRAGMA,10,-45.0,11.055415967851333,0.002797954357165983,-66.6686152969886,-23.331384703011388,0.007694374482206453,0.008139503584482859,-20.908874045801525,-24.091125954198475,False
plain高,CRITICAL,T11_SUSTAIN,5,-55.00000000000001,17.499999999999996,0.03475200374179465,-89.3,-20.700000000000017,0.06238158679810896,0.0721815990953972,-20.908874045801525,-34.09112595419848,False
plain高,MISLEADING,T1_RECALL,27,-47.55658436213992,7.4916354000307255,1.009570926342332e-06,-62.240189746200144,-32.8729789780797,3.7017600632552173e-06,6.461253928590925e-06,-32.7930790960452,-14.763505266094725,False
plain高,MISLEADING,T2_CHAIN,137,-87.43410381184104,2.5119039878254728,1.342267489422827e-69,-92.35743562797897,-82.51077199570311,1.4764942383651097e-68,7.158759943588411e-68,-32.7930790960452,-54.641024715795844,False
plain高,MISLEADING,T3_PLAN,4,-36.97916666666667,22.54071355039833,0.19942603929127728,-81.15896522544739,7.200631892114053,0.19942603929127725,0.2532394149730505,-32.7930790960452,-4.186087570621474,False
plain高,MISLEADING,T4_CONSTRAINT,40,-56.666666666666664,6.1524819374124755,2.4923029124467566e-11,-68.72553126399512,-44.60780206933821,1.3707666018457162e-10,3.6251678726498275e-10,-32.7930790960452,-23.873587570621467,False
plain高,MISLEADING,T5_INTEGRATE,10,-53.125,9.787725763285561,0.0004176132804410861,-72.30894249603969,-33.9410575039603,0.0009187492169703893,0.001553909880711018,-32.7930790960452,-20.331920903954803,False
plain高,MISLEADING,T6_VERIFY,4,-56.59722222222222,18.945101202366306,0.058249906392960175,-93.72962057886018,-19.464823865584265,0.07119433003584022,0.10471893284127672,-32.7930790960452,-23.804143126177024,False
plain高,MISLEADING,T7_RESIST,3,-74.07407407407408,20.62134949196305,0.06951578960152915,-114.49191907832164,-33.6562290698265,0.07646736856168207,0.11821423034753256,-32.7930790960452,-41.28099497802888,True
plain高,MISLEADING,T8_EXPLORE,6,-56.94444444444444,16.23277814854109,0.017137399193523584,-88.76068961558498,-25.128199273303906,0.026930198732679916,0.0397388966806344,-32.7930790960452,-24.151365348399246,False
plain高,MISLEADING,T9_REFRAME,5,-55.41666666666666,18.9754958945595,0.04322475348527659,-92.60863862000328,-18.224694713330038,0.059434036042255306,0.08364645508259826,-32.7930790960452,-22.62358757062146,False
plain高,MISLEADING,T10_PRAGMA,12,-56.25,8.214109258409637,2.7716077036174284e-05,-72.34965414648289,-40.15034585351711,7.621921184947928e-05,0.00013858038518087143,-32.7930790960452,-23.456920903954803,False
plain高,MISLEADING,T11_SUSTAIN,7,-58.92857142857143,13.000196230858068,0.00396295719071826,-84.40895604105324,-33.44818681608962,0.00726542151631681,0.011124090359910906,-32.7930790960452,-26.135492332526233,False
plain高,HEURISTIC,T1_RECALL,33,-50.08417508417507,7.297786681810685,9.158880982088028e-08,-64.38783698052401,-35.78051318782613,3.358256360098944e-07,7.712741879653076e-07,-41.45229468599034,-8.631880398184734,False
plain高,HEURISTIC,T2_CHAIN,247,-91.6244939271255,1.6358061210743868,4.989141583339432e-142,-94.8306739244313,-88.4183139298197,5.488055741673375e-141,7.982626533343092e-140,-41.45229468599034,-50.17219924113516,False
plain高,HEURISTIC,T3_PLAN,2,-39.583333333333336,14.583333333333336,0.22472066034631202,-68.16666666666667,-11.0,0.224720660346312,0.2787232996543405,-41.45229468599034,1.8689613526570028,False
plain高,HEURISTIC,T4_CONSTRAINT,51,-60.198801742919386,5.648276171227525,1.8036534304897157e-14,-71.26942303852533,-49.12818044731344,9.920093867693437e-14,4.122636412547922e-13,-41.45229468599034,-18.746507056929048,False
plain高,HEURISTIC,T5_INTEGRATE,8,-43.489583333333336,12.421863301132557,0.009978894876023402,-67.83643540355314,-19.142731263113525,0.012196427070695268,0.02456343354098068,-41.45229468599034,-2.037288647342997,False
plain高,HEURISTIC,T6_VERIFY,6,-62.268518518518526,10.358893285289794,0.00183090515812688,-82.57194935768652,-41.96508767935053,0.0037072360758357743,0.005858896506006016,-41.45229468599034,-20.816223832528188,False
plain高,HEURISTIC,T7_RESIST,4,-71.00694444444444,22.212047366807695,0.049453702851597815,-114.54255728338752,-27.471331605501362,0.05439907313675759,0.08991582336654148,-41.45229468599034,-29.554649758454104,False
plain高,HEURISTIC,T8_EXPLORE,6,-58.68055555555556,13.268251173290734,0.006875111705926353,-84.68632785520539,-32.67478325590572,0.009453278595648734,0.017460601157908196,-41.45229468599034,-17.22826086956522,True
plain高,HEURISTIC,T9_REFRAME,10,-60.416666666666664,14.085415143086356,0.002022128768637695,-88.02408034711593,-32.8092529862174,0.0037072360758357743,0.006104539678906249,-41.45229468599034,-18.964371980676326,True
plain高,HEURISTIC,T10_PRAGMA,10,-52.5,8.079466429027214,0.00011171633647168134,-68.33575420089333,-36.66424579910666,0.0003072199252971237,0.00047038457461760563,-41.45229468599034,-11.047705314009661,False
plain高,HEURISTIC,T11_SUSTAIN,6,-60.416666666666664,12.25453430821062,0.004359043914153663,-84.43555391075948,-36.39777942257385,0.006849926150812899,0.011821136038382815,-41.45229468599034,-18.964371980676326,False
