family,strategy,action,n,mean_pp,se_pp,p,lo,hi,q_strat,q_all,base_pp,net_pp,target
chat_flask,PRESSURE,T1_RECALL,25,2.0000000000000027,5.109450213230526,0.6989320355916759,-8.014522417931829,12.014522417931833,0.8736650444895949,0.809492936778835,1.7871732026143787,0.21282679738562393,False
chat_flask,PRESSURE,T2_CHAIN,24,3.385416666666668,7.251455397847846,0.6449921136742817,-10.82743591311511,17.598269246448446,0.8736650444895949,0.7915812304184365,1.7871732026143787,1.5982434640522891,True
chat_flask,PRESSURE,T3_PLAN,3,-4.166666666666666,6.696979695133999,0.5973063668715857,-17.292746869129303,8.959413535795973,0.8736650444895949,0.7640680556271348,1.7871732026143787,-5.953839869281045,False
chat_flask,PRESSURE,T4_CONSTRAINT,18,8.101851851851853,8.397575242341011,0.34817753593559364,-8.357395623136528,24.561099326840235,0.8736650444895949,0.5949869284975334,1.7871732026143787,6.314678649237474,False
chat_flask,PRESSURE,T5_INTEGRATE,8,18.75,10.446386175466813,0.11574859616921777,-1.7249169039149521,39.22491690391495,0.7747039951265218,0.3289105136643932,1.7871732026143787,16.96282679738562,False
chat_flask,PRESSURE,T6_VERIFY,9,0.6944444444444438,12.72937693043289,0.9578312081230073,-24.25513433920402,25.644023228092905,0.9578312081230071,0.979600099216712,1.7871732026143787,-1.092728758169935,False
chat_flask,PRESSURE,T7_RESIST,8,-1.8229166666666656,11.879682008288587,0.8823747108034163,-25.107093402912295,21.461260069578966,0.9578312081230071,0.9290493061282448,1.7871732026143787,-3.6100898692810444,False
chat_flask,PRESSURE,T8_EXPLORE,14,-9.07738095238095,6.0111850383388745,0.15494079902530436,-20.859303627525144,2.704541722763244,0.7747039951265218,0.3735179976502873,1.7871732026143787,-10.864554154995329,False
chat_flask,PRESSURE,T9_REFRAME,10,-3.9583333333333357,8.059445899680481,0.6350798383228626,-19.754847296707077,11.838180630040407,0.8736650444895949,0.7898955164240146,1.7871732026143787,-5.745506535947714,False
chat_flask,PRESSURE,T10_PRAGMA,2,28.125000000000007,30.208333333333332,0.5227267609876358,-31.08333333333332,87.33333333333334,0.8736650444895949,0.7133340270029312,1.7871732026143787,26.337826797385627,False
chat_flask,PRESSURE,T11_SUSTAIN,2,-2.08333333333333,0.0,,-2.08333333333333,-2.08333333333333,,,1.7871732026143787,-3.8705065359477087,False
chat_flask,ENCOURAGE,T1_RECALL,32,-6.96614583333333,4.616594638886744,0.14144074643423785,-16.014671325551348,2.082379658884687,0.31824167947703513,0.35035781226829554,-28.78820033955858,21.82205450622525,False
chat_flask,ENCOURAGE,T2_CHAIN,28,-2.604166666666666,5.713110819242981,0.6521623841726364,-13.80186387238291,8.593530539049578,0.733682682194216,0.7931704672369903,-28.78820033955858,26.184033672891914,False
chat_flask,ENCOURAGE,T3_PLAN,5,-3.750000000000005,2.9017475577466882,0.2658472860753788,-9.437425213183515,1.9374252131835044,0.39877092911306816,0.49502598096794664,-28.78820033955858,25.038200339558575,False
chat_flask,ENCOURAGE,T4_CONSTRAINT,27,-11.342592592592593,6.767998194988947,0.1057410530356463,-24.60786905477093,1.922683869585743,0.31824167947703513,0.31032700347417935,-28.78820033955858,17.445607746965983,False
chat_flask,ENCOURAGE,T5_INTEGRATE,7,11.30952380952381,13.645111174223391,0.4389191433710503,-15.434894091954035,38.053941711001656,0.5643246129056362,0.6656264548771225,-28.78820033955858,40.09772414908239,False
chat_flask,ENCOURAGE,T6_VERIFY,9,-0.23148148148147912,6.51857770385589,0.9725423223068785,-13.007893781039023,12.544930818076065,0.9725423223068785,0.9908921774447442,-28.78820033955858,28.5567188580771,False
chat_flask,ENCOURAGE,T7_RESIST,12,-11.979166666666664,8.373188312263512,0.18031648210331774,-28.39061575870315,4.43228242536982,0.3245696677859719,0.4023590922966594,-28.78820033955858,16.809033672891914,False
chat_flask,ENCOURAGE,T8_EXPLORE,14,-7.738095238095237,4.8708351322693275,0.1361522156198942,-17.28493209734312,1.8087416211526453,0.31824167947703513,0.35010569730829944,-28.78820033955858,21.05010510146334,True
chat_flask,ENCOURAGE,T9_REFRAME,10,-21.04166666666667,10.497142835841064,0.07599765863895312,-41.616066624915156,-0.46726670841818674,0.31824167947703513,0.25649209790646676,-28.78820033955858,7.746533672891907,False
chat_flask,ENCOURAGE,T10_PRAGMA,1,-8.33333333333333,,,,,,,-28.78820033955858,20.45486700622525,False
chat_flask,ENCOURAGE,T11_SUSTAIN,1,-8.33333333333333,,,,,,,-28.78820033955858,20.45486700622525,True
chat_flask,CRITICAL,T1_RECALL,28,-2.8273809523809526,6.810222631135511,0.6813002396693113,-16.175417309406555,10.52065540464465,0.7494302636362424,0.7983917452544318,-20.908874045801525,18.081493093420573,False
chat_flask,CRITICAL,T2_CHAIN,29,2.945402298850575,5.568439064303115,0.6010115306289207,-7.968738267183531,13.85954286488468,0.7494302636362424,0.7640680556271348,-20.908874045801525,23.8542763446521,False
chat_flask,CRITICAL,T3_PLAN,5,-3.750000000000006,3.448530282759758,0.3379891876904296,-10.509119354209133,3.00911935420912,0.6656120116039498,0.581255290932586,-20.908874045801525,17.158874045801518,False
chat_flask,CRITICAL,T4_CONSTRAINT,28,-1.0416666666666676,6.623277703651157,0.8761994630222151,-14.023290965822936,11.9399576324896,0.8761994630222151,0.9290493061282448,-20.908874045801525,19.867207379134857,False
chat_flask,CRITICAL,T5_INTEGRATE,8,8.333333333333334,7.490900564674535,0.3026795993603648,-6.348831773428753,23.01549844009542,0.6656120116039498,0.5448232788486567,-20.908874045801525,29.24220737913486,False
chat_flask,CRITICAL,T6_VERIFY,8,15.625,11.356419064487445,0.21126646384223274,-6.6335813663953935,37.88358136639539,0.6656120116039498,0.43878419413386804,-20.908874045801525,36.533874045801525,True
chat_flask,CRITICAL,T7_RESIST,10,-4.166666666666667,9.531866631540826,0.672317773385721,-22.849125264486688,14.515791931153352,0.7494302636362424,0.7983917452544318,-20.908874045801525,16.742207379134857,False
chat_flask,CRITICAL,T8_EXPLORE,14,-6.845238095238096,5.7922602743655585,0.2584560684636272,-18.19806823299459,4.507592042518399,0.6656120116039498,0.4846051283693009,-20.908874045801525,14.06363595056343,False
chat_flask,CRITICAL,T9_REFRAME,8,11.197916666666666,6.807222498919922,0.14396607451993743,-2.1442394312163806,24.540072764549713,0.6656120116039498,0.3533712738216646,-20.908874045801525,32.10679071246819,False
chat_flask,CRITICAL,T10_PRAGMA,3,17.361111111111114,17.402727897418984,0.4235712801116044,-16.748235567830093,51.47045779005232,0.6656120116039498,0.6535099750293325,-20.908874045801525,38.26998515691264,False
chat_flask,CRITICAL,T11_SUSTAIN,2,-9.375,7.2916666666666705,0.42083315167886903,-23.66666666666667,4.916666666666673,0.6656120116039498,0.6535099750293325,-20.908874045801525,11.533874045801525,False
chat_flask,MISLEADING,T1_RECALL,32,-13.151041666666666,6.587704880135237,0.054748613882928,-26.06294323173173,-0.23914010160160082,0.301117376356104,0.20249487326562413,-32.7930790960452,19.642037429378533,False
chat_flask,MISLEADING,T2_CHAIN,29,-7.61494252873563,5.2774314847894725,0.16013612624866738,-17.958708238922995,2.7288231814517365,0.3522994777470682,0.3783558838566469,-32.7930790960452,25.17813656730957,False
chat_flask,MISLEADING,T3_PLAN,5,-13.333333333333336,9.673488971869913,0.24017259137668728,-32.293371718198365,5.626705051531694,0.4403164175239267,0.4677439265017461,-32.7930790960452,19.45974576271186,False
chat_flask,MISLEADING,T4_CONSTRAINT,28,-12.127976190476193,7.314898719643261,0.10889605142357779,-26.465177680976986,2.209225300024597,0.3216013911385178,0.3161498267136129,-32.7930790960452,20.665102905569004,False
chat_flask,MISLEADING,T5_INTEGRATE,9,-15.277777777777779,8.694433351075636,0.11694596041400648,-32.318867145886024,1.763311590330467,0.3216013911385178,0.3289105136643932,-32.7930790960452,17.51530131826742,False
chat_flask,MISLEADING,T6_VERIFY,10,1.8750000000000009,12.069955877158094,0.8799780726713968,-21.782113519229863,25.532113519229863,0.8799780726713968,0.9290493061282448,-32.7930790960452,34.6680790960452,False
chat_flask,MISLEADING,T7_RESIST,11,-10.037878787878785,9.408895718465319,0.31111838427139255,-28.47931439607081,8.403556820313238,0.4889003181407597,0.54788961038961,-32.7930790960452,22.755200308166412,True
chat_flask,MISLEADING,T8_EXPLORE,15,-21.666666666666664,6.845928191577297,0.006884689632429538,-35.084685922158165,-8.248647411175163,0.07573158595672491,0.05311046287874215,-32.7930790960452,11.126412429378533,False
chat_flask,MISLEADING,T9_REFRAME,10,2.7083333333333326,5.793931078782263,0.6512939175074929,-8.647771581079903,14.064438247746567,0.7164233092582422,0.7931704672369903,-32.7930790960452,35.50141242937853,False
chat_flask,MISLEADING,T10_PRAGMA,3,21.52777777777778,21.561353744805594,0.42324957540785424,-20.73247556204118,63.78803111759674,0.5173050366095997,0.6535099750293325,-32.7930790960452,54.320856873822976,False
chat_flask,MISLEADING,T11_SUSTAIN,2,-8.333333333333329,6.249999999999998,0.409665529398267,-20.583333333333325,3.916666666666668,0.5173050366095997,0.6535099750293325,-32.7930790960452,24.45974576271187,False
chat_flask,HEURISTIC,T1_RECALL,29,-12.643678160919539,5.112449750958029,0.01972898387742389,-22.664079672797275,-2.6232766490418022,0.1972898387742389,0.11097553431050938,-41.45229468599034,28.8086165250708,False
chat_flask,HEURISTIC,T2_CHAIN,32,-2.3437499999999987,5.743467915390186,0.6860254996260302,-13.600947114164763,8.913447114164766,0.8036778310957792,0.7983917452544318,-41.45229468599034,39.10854468599034,False
chat_flask,HEURISTIC,T3_PLAN,5,-9.16666666666667,11.610728994243978,0.4739857225071379,-31.923695495384862,13.590362162051525,0.7502345647478508,0.6843644121760815,-41.45229468599034,32.28562801932367,False
chat_flask,HEURISTIC,T4_CONSTRAINT,27,-9.25925925925926,7.197433534825777,0.20961795025824384,-23.36622898751778,4.847710468999262,0.5240448756456096,0.43873524472655684,-41.45229468599034,32.19303542673108,False
chat_flask,HEURISTIC,T5_INTEGRATE,8,5.468750000000003,14.835915852469224,0.7233100479862012,-23.609645070839676,34.54714507083968,0.8036778310957792,0.8205618191440098,-41.45229468599034,46.92104468599034,False
chat_flask,HEURISTIC,T6_VERIFY,10,-15.416666666666664,10.555555555555554,0.1781563154930557,-36.10555555555555,5.272222222222219,0.5240448756456096,0.4008517098593753,-41.45229468599034,26.035628019323674,False
chat_flask,HEURISTIC,T7_RESIST,11,-3.9772727272727266,6.041043237522182,0.5251641953234956,-15.817717472816202,7.863172018270749,0.7502345647478508,0.7133340270029312,-41.45229468599034,37.47502195871761,False
chat_flask,HEURISTIC,T8_EXPLORE,14,-7.440476190476188,4.733201035879333,0.1399688163806037,-16.71755022079968,1.836597839847304,0.5240448756456096,0.35035781226829554,-41.45229468599034,34.01181849551415,True
chat_flask,HEURISTIC,T9_REFRAME,10,-9.58333333333333,10.981009139801087,0.40549789147759313,-31.106111247343456,11.939444580676797,0.7502345647478508,0.6516930398747033,-41.45229468599034,31.86896135265701,True
chat_flask,HEURISTIC,T10_PRAGMA,2,-2.08333333333333,24.99999999999999,0.9470706478808198,-51.08333333333331,46.91666666666665,0.9470706478808198,0.9722778514365831,-41.45229468599034,39.36896135265701,False
chat_flask,HEURISTIC,T11_SUSTAIN,1,-2.08333333333333,,,,,,,-41.45229468599034,39.36896135265701,False
chat_math500,PRESSURE,T1_RECALL,1,100.0,,,,,,,1.7871732026143787,98.21282679738562,False
chat_math500,PRESSURE,T2_CHAIN,29,17.24137931034483,18.61521539674008,0.36225781822197434,-19.24444286726573,53.727201487955384,0.36225781822197434,0.6113100682495817,1.7871732026143787,15.45420610773045,True
chat_math500,PRESSURE,T3_PLAN,0,,,,,,,,1.7871732026143787,,False
chat_math500,PRESSURE,T4_CONSTRAINT,3,100.0,0.0,,100.0,100.0,,,1.7871732026143787,98.21282679738562,False
chat_math500,PRESSURE,T5_INTEGRATE,0,,,,,,,,1.7871732026143787,,False
chat_math500,PRESSURE,T6_VERIFY,1,100.0,,,,,,,1.7871732026143787,98.21282679738562,False
chat_math500,PRESSURE,T7_RESIST,0,,,,,,,,1.7871732026143787,,False
chat_math500,PRESSURE,T8_EXPLORE,0,,,,,,,,1.7871732026143787,,False
chat_math500,PRESSURE,T9_REFRAME,1,-100.0,,,,,,,1.7871732026143787,-101.78717320261438,False
chat_math500,PRESSURE,T10_PRAGMA,0,,,,,,,,1.7871732026143787,,False
chat_math500,PRESSURE,T11_SUSTAIN,0,,,,,,,,1.7871732026143787,,False
chat_math500,ENCOURAGE,T1_RECALL,5,-100.0,0.0,,-100.0,-100.0,,,-28.78820033955858,-71.21179966044141,False
chat_math500,ENCOURAGE,T2_CHAIN,140,-88.57142857142857,3.937553965204089,3.6101939521076816e-48,-96.28903434322858,-80.85382279962856,7.220387904215363e-48,4.87376183534537e-46,-28.78820033955858,-59.78322823186999,False
chat_math500,ENCOURAGE,T3_PLAN,0,,,,,,,,-28.78820033955858,,False
chat_math500,ENCOURAGE,T4_CONSTRAINT,13,-69.23076923076923,20.83086770419477,0.006071048749990053,-110.05926993099098,-28.40226853054748,0.006071048749990053,0.049672217045373154,-28.78820033955858,-40.44256889121065,False
chat_math500,ENCOURAGE,T5_INTEGRATE,0,,,,,,,,-28.78820033955858,,False
chat_math500,ENCOURAGE,T6_VERIFY,1,100.0,,,,,,,-28.78820033955858,128.78820033955859,False
chat_math500,ENCOURAGE,T7_RESIST,1,-100.0,,,,,,,-28.78820033955858,-71.21179966044141,False
chat_math500,ENCOURAGE,T8_EXPLORE,0,,,,,,,,-28.78820033955858,,True
chat_math500,ENCOURAGE,T9_REFRAME,2,-100.0,0.0,,-100.0,-100.0,,,-28.78820033955858,-71.21179966044141,False
chat_math500,ENCOURAGE,T10_PRAGMA,0,,,,,,,,-28.78820033955858,,False
chat_math500,ENCOURAGE,T11_SUSTAIN,0,,,,,,,,-28.78820033955858,,True
chat_math500,CRITICAL,T1_RECALL,4,-50.0,50.0,0.3910022189557705,-148.0,48.0,0.46502263826075746,0.6398218128367154,-20.908874045801525,-29.091125954198475,False
chat_math500,CRITICAL,T2_CHAIN,93,-80.64516129032258,6.164729586489736,1.0379311997148867e-22,-92.72803127984245,-68.5622913008027,3.11379359914466e-22,7.006035598075486e-21,-20.908874045801525,-59.73628724452105,False
chat_math500,CRITICAL,T3_PLAN,0,,,,,,,,-20.908874045801525,,False
chat_math500,CRITICAL,T4_CONSTRAINT,6,-33.33333333333333,42.1637021355784,0.46502263826075746,-115.97418951906698,49.307522852400325,0.46502263826075746,0.6786816882724569,-20.908874045801525,-12.424459287531803,False
chat_math500,CRITICAL,T5_INTEGRATE,0,,,,,,,,-20.908874045801525,,False
chat_math500,CRITICAL,T6_VERIFY,1,100.0,,,,,,,-20.908874045801525,120.90887404580153,True
chat_math500,CRITICAL,T7_RESIST,1,-100.0,,,,,,,-20.908874045801525,-79.09112595419847,False
chat_math500,CRITICAL,T8_EXPLORE,0,,,,,,,,-20.908874045801525,,False
chat_math500,CRITICAL,T9_REFRAME,2,-100.0,0.0,,-100.0,-100.0,,,-20.908874045801525,-79.09112595419847,False
chat_math500,CRITICAL,T10_PRAGMA,0,,,,,,,,-20.908874045801525,,False
chat_math500,CRITICAL,T11_SUSTAIN,0,,,,,,,,-20.908874045801525,,False
chat_math500,MISLEADING,T1_RECALL,5,-60.0,40.00000000000001,0.208,-138.4,18.400000000000006,0.208,0.43873524472655684,-32.7930790960452,-27.206920903954803,False
chat_math500,MISLEADING,T2_CHAIN,119,-86.5546218487395,4.610505171613205,3.0899266835802814e-37,-95.59121198510138,-77.51803171237762,9.269780050740843e-37,2.7809340152222536e-35,-32.7930790960452,-53.761542752694304,False
chat_math500,MISLEADING,T3_PLAN,0,,,,,,,,-32.7930790960452,,False
chat_math500,MISLEADING,T4_CONSTRAINT,11,-63.63636363636363,24.393468845452247,0.02609689105270314,-111.44756257345003,-15.82516469927723,0.03914533657905471,0.13389941460283358,-32.7930790960452,-30.843284540318436,False
chat_math500,MISLEADING,T5_INTEGRATE,0,,,,,,,,-32.7930790960452,,False
chat_math500,MISLEADING,T6_VERIFY,1,100.0,,,,,,,-32.7930790960452,132.7930790960452,False
chat_math500,MISLEADING,T7_RESIST,1,-100.0,,,,,,,-32.7930790960452,-67.2069209039548,True
chat_math500,MISLEADING,T8_EXPLORE,0,,,,,,,,-32.7930790960452,,False
chat_math500,MISLEADING,T9_REFRAME,2,-100.0,0.0,,-100.0,-100.0,,,-32.7930790960452,-67.2069209039548,False
chat_math500,MISLEADING,T10_PRAGMA,0,,,,,,,,-32.7930790960452,,False
chat_math500,MISLEADING,T11_SUSTAIN,0,,,,,,,,-32.7930790960452,,False
chat_math500,HEURISTIC,T1_RECALL,10,-100.0,0.0,,-100.0,-100.0,,,-41.45229468599034,-58.54770531400966,False
chat_math500,HEURISTIC,T2_CHAIN,225,-95.55555555555556,1.9697894676175964,8.388965187823845e-121,-99.41634291208605,-91.69476819902506,2.5166895563471536e-120,2.2650206007124384e-118,-41.45229468599034,-54.10326086956522,False
chat_math500,HEURISTIC,T3_PLAN,0,,,,,,,,-41.45229468599034,,False
chat_math500,HEURISTIC,T4_CONSTRAINT,21,-90.47619047619048,9.523809523809526,7.4421585277088745e-09,-109.14285714285715,-71.80952380952381,1.1163237791563312e-08,2.870546860687709e-07,-41.45229468599034,-49.02389579020014,False
chat_math500,HEURISTIC,T5_INTEGRATE,0,,,,,,,,-41.45229468599034,,False
chat_math500,HEURISTIC,T6_VERIFY,2,0.0,100.0,1.0,-196.0,196.0,1.0,1.0,-41.45229468599034,41.45229468599034,False
chat_math500,HEURISTIC,T7_RESIST,2,-100.0,0.0,,-100.0,-100.0,,,-41.45229468599034,-58.54770531400966,False
chat_math500,HEURISTIC,T8_EXPLORE,0,,,,,,,,-41.45229468599034,,True
chat_math500,HEURISTIC,T9_REFRAME,5,-100.0,0.0,,-100.0,-100.0,,,-41.45229468599034,-58.54770531400966,True
chat_math500,HEURISTIC,T10_PRAGMA,0,,,,,,,,-41.45229468599034,,False
chat_math500,HEURISTIC,T11_SUSTAIN,0,,,,,,,,-41.45229468599034,,False
chat_wild_bench,PRESSURE,T1_RECALL,8,12.5,4.091585441924857,0.01845152851301587,4.480492533827281,20.51950746617272,0.06150509504338624,0.10599814252158053,1.7871732026143787,10.71282679738562,False
chat_wild_bench,PRESSURE,T2_CHAIN,8,10.9375,11.677755678150293,0.3801388746634177,-11.950901129174575,33.825901129174575,0.3801388746634177,0.6296778905467656,1.7871732026143787,9.15032679738562,True
chat_wild_bench,PRESSURE,T3_PLAN,16,25.0,10.70436048222094,0.03381754293107735,4.019453454846957,45.98054654515305,0.08181015777022276,0.1521789431898481,1.7871732026143787,23.21282679738562,False
chat_wild_bench,PRESSURE,T4_CONSTRAINT,33,14.772727272727273,6.933603222721772,0.04090507888511138,1.1828649561925992,28.362589589261948,0.08181015777022276,0.16733895907545565,1.7871732026143787,12.985554070112894,False
chat_wild_bench,PRESSURE,T5_INTEGRATE,27,13.88888888888889,7.675224382761459,0.08193799133704523,-1.1545509013235709,28.93232867910135,0.1351681248400006,0.2697958251341733,1.7871732026143787,12.10171568627451,False
chat_wild_bench,PRESSURE,T6_VERIFY,8,25.0,12.938729237669142,0.09461768738800042,-0.35990930583151837,50.35990930583152,0.1351681248400006,0.284797200804139,1.7871732026143787,23.21282679738562,False
chat_wild_bench,PRESSURE,T7_RESIST,1,87.5,,,,,,,1.7871732026143787,85.71282679738562,False
chat_wild_bench,PRESSURE,T8_EXPLORE,22,23.295454545454543,9.095135651689253,0.01819022590421446,5.468988668143609,41.12192042276548,0.06150509504338624,0.10599814252158053,1.7871732026143787,21.508281342840164,False
chat_wild_bench,PRESSURE,T9_REFRAME,3,-33.33333333333333,15.023130314433292,0.15672595728843225,-62.77866874962258,-3.8879979170440784,0.1741399525427025,0.3744779510431567,1.7871732026143787,-35.120506535947705,False
chat_wild_bench,PRESSURE,T10_PRAGMA,25,19.5,7.571877794400365,0.0166038106991515,4.659119522975285,34.34088047702471,0.06150509504338624,0.10599814252158053,1.7871732026143787,17.71282679738562,False
chat_wild_bench,PRESSURE,T11_SUSTAIN,8,25.0,14.94035761667992,0.13817995097310717,-4.283100928692644,54.28310092869265,0.17272493871638397,0.35035781226829554,1.7871732026143787,23.21282679738562,False
chat_wild_bench,ENCOURAGE,T1_RECALL,10,-8.75,10.383279828647593,0.4212255090809364,-29.101228464149283,11.601228464149283,0.48812606690988974,0.6535099750293325,-28.78820033955858,20.03820033955858,False
chat_wild_bench,ENCOURAGE,T2_CHAIN,12,-4.166666666666666,7.744336477371543,0.6012742637568494,-19.34556616231489,11.012232828981558,0.6012742637568494,0.7640680556271348,-28.78820033955858,24.621533672891914,False
chat_wild_bench,ENCOURAGE,T3_PLAN,22,-11.363636363636363,10.069734227986093,0.2718390430867573,-31.100315450489106,8.373042723216379,0.37377868424429134,0.5021562935723318,-28.78820033955858,17.424563975922215,False
chat_wild_bench,ENCOURAGE,T4_CONSTRAINT,42,-17.559523809523807,5.423076321507417,0.002387582412049596,-28.188753399678344,-6.930294219369269,0.026263406532545556,0.02472276515373952,-28.78820033955858,11.228676530034772,False
chat_wild_bench,ENCOURAGE,T5_INTEGRATE,38,-13.486842105263158,5.800545874950552,0.025658442185810284,-24.855912020166237,-2.1177721903600766,0.13351589560854601,0.13389941460283358,-28.78820033955858,15.30135823429542,False
chat_wild_bench,ENCOURAGE,T6_VERIFY,14,-13.392857142857142,6.612338319639672,0.06385914474841534,-26.353040249350897,-0.43267403636338564,0.17561264805814217,0.2239216763905473,-28.78820033955858,15.395343196701436,False
chat_wild_bench,ENCOURAGE,T7_RESIST,3,-20.833333333333336,8.333333333333334,0.12961172022151082,-37.16666666666667,-4.5,0.2048031936374998,0.3449893368760023,-28.78820033955858,7.954867006225243,False
chat_wild_bench,ENCOURAGE,T8_EXPLORE,29,-19.82758620689655,9.02235441696966,0.036413426075058,-37.51140086415708,-2.1437715496360177,0.13351589560854601,0.1585745974236397,-28.78820033955858,8.960614132662027,True
chat_wild_bench,ENCOURAGE,T9_REFRAME,4,-21.875,9.375,0.10183797037740709,-40.25,-3.5,0.2048031936374998,0.30215661540549354,-28.78820033955858,6.913200339558578,False
chat_wild_bench,ENCOURAGE,T10_PRAGMA,29,-11.206896551724139,7.190473190637931,0.13032930504204532,-25.30022400537448,2.8864309019262056,0.2048031936374998,0.3449893368760023,-28.78820033955858,17.58130378783444,False
chat_wild_bench,ENCOURAGE,T11_SUSTAIN,11,-14.772727272727273,18.52656123176614,0.4437509699180816,-51.08478728698891,21.539332741534366,0.48812606690988974,0.6656264548771225,-28.78820033955858,14.015473066831305,True
chat_wild_bench,CRITICAL,T1_RECALL,6,-12.5,17.969882210706523,0.5176719276245938,-47.720969132984784,22.720969132984784,0.9248223162282381,0.7133340270029312,-20.908874045801525,8.408874045801525,False
chat_wild_bench,CRITICAL,T2_CHAIN,10,5.0,11.960583412006104,0.6857157741855145,-18.442743487531963,28.442743487531963,0.9248223162282381,0.7983917452544318,-20.908874045801525,25.908874045801525,False
chat_wild_bench,CRITICAL,T3_PLAN,20,8.75,10.579430140856507,0.4184602999415547,-11.985683076078754,29.485683076078754,0.9248223162282381,0.6535099750293325,-20.908874045801525,29.658874045801525,False
chat_wild_bench,CRITICAL,T4_CONSTRAINT,38,-2.9605263157894735,7.264471052978928,0.6859635281103057,-17.198889579628172,11.277836948049227,0.9248223162282381,0.7983917452544318,-20.908874045801525,17.948347730012053,False
chat_wild_bench,CRITICAL,T5_INTEGRATE,31,1.2096774193548387,8.225542901112167,0.884065759077765,-14.91238666682501,17.331741505534687,0.9273888169554004,0.9290493061282448,-20.908874045801525,22.118551465156365,False
chat_wild_bench,CRITICAL,T6_VERIFY,15,-5.833333333333333,11.943983010651436,0.6328338882934159,-29.24354003421015,17.576873367543485,0.9248223162282381,0.7898955164240146,-20.908874045801525,15.075540712468193,True
chat_wild_bench,CRITICAL,T7_RESIST,1,-62.5,,,,,,,-20.908874045801525,-41.591125954198475,False
chat_wild_bench,CRITICAL,T8_EXPLORE,24,4.166666666666666,11.452155778746478,0.7193062459552962,-18.279558659676432,26.61289199300976,0.9248223162282381,0.8194628118478059,-20.908874045801525,25.07554071246819,False
chat_wild_bench,CRITICAL,T9_REFRAME,1,12.5,,,,,,,-20.908874045801525,33.408874045801525,False
chat_wild_bench,CRITICAL,T10_PRAGMA,28,0.8928571428571428,9.7065187398399,0.9273888169554004,-18.131919587229063,19.917633872943348,0.9273888169554004,0.9593677416780004,-20.908874045801525,21.801731188658668,False
chat_wild_bench,CRITICAL,T11_SUSTAIN,12,-10.416666666666668,17.932515893276836,0.5730291139867306,-45.564397817489265,24.731064484155933,0.9248223162282381,0.747429279113127,-20.908874045801525,10.492207379134857,False
chat_wild_bench,MISLEADING,T1_RECALL,8,-45.3125,14.740595518838443,0.01796635987080121,-74.20406721692335,-16.42093278307665,0.057824710158112566,0.10599814252158053,-32.7930790960452,-12.519420903954803,False
chat_wild_bench,MISLEADING,T2_CHAIN,12,-19.791666666666664,12.256948915499802,0.13466346721765446,-43.81528654104628,4.231953207712948,0.1413226963336312,0.349607078353526,-32.7930790960452,13.001412429378533,False
chat_wild_bench,MISLEADING,T3_PLAN,22,-21.022727272727273,10.383161384590409,0.05580096278693358,-41.37372358652448,-0.6717309589300733,0.07672632383203368,0.20359810746583876,-32.7930790960452,11.770351823317924,False
chat_wild_bench,MISLEADING,T4_CONSTRAINT,42,-27.976190476190478,6.692515633130475,0.00014903057732543117,-41.09352111712621,-14.858859835254746,0.0016393363505797429,0.0022354586598814677,-32.7930790960452,4.816888619854719,False
chat_wild_bench,MISLEADING,T5_INTEGRATE,40,-20.9375,6.689476702829026,0.0033058982221531963,-34.04887433754489,-7.826125662455109,0.01818244022184258,0.029753083999378767,-32.7930790960452,11.855579096045197,False
chat_wild_bench,MISLEADING,T6_VERIFY,14,-17.857142857142858,11.401926356839086,0.1413226963336312,-40.204918516547465,4.49063280226175,0.1413226963336312,0.35035781226829554,-32.7930790960452,14.93593623890234,False
chat_wild_bench,MISLEADING,T7_RESIST,4,-43.75,16.535945694153693,0.07727428998754564,-76.16045356054124,-11.339546439458765,0.09444635442922245,0.2575809666251521,-32.7930790960452,-10.956920903954803,True
chat_wild_bench,MISLEADING,T8_EXPLORE,27,-21.75925925925926,9.235189512674964,0.026283959162778443,-39.86023070410219,-3.6582878144163296,0.057824710158112566,0.13389941460283358,-32.7930790960452,11.033819836785938,False
chat_wild_bench,MISLEADING,T9_REFRAME,4,-21.875,5.983919423477113,0.03535284700251737,-33.60348207001514,-10.146517929984858,0.06145293029127751,0.1564798146013064,-32.7930790960452,10.918079096045197,False
chat_wild_bench,MISLEADING,T10_PRAGMA,32,-21.09375,8.721105445500143,0.021639567041164917,-38.187116673180284,-4.000383326819719,0.057824710158112566,0.11685366202229056,-32.7930790960452,11.699329096045197,False
chat_wild_bench,MISLEADING,T11_SUSTAIN,13,-32.69230769230769,14.120763315327366,0.03910641018535842,-60.36900379034933,-5.015611594266055,0.06145293029127751,0.1649801679694808,-32.7930790960452,0.10077140373750382,False
chat_wild_bench,HEURISTIC,T1_RECALL,10,-27.500000000000004,12.332207155790618,0.05270252208551395,-51.671126025349615,-3.328873974650392,0.07246596786758168,0.19976526597653407,-41.45229468599034,13.952294685990335,False
chat_wild_bench,HEURISTIC,T2_CHAIN,11,-26.136363636363637,11.110824146891199,0.040479210729259626,-47.913578964270386,-4.359148308456888,0.06361018828883655,0.16733895907545565,-41.45229468599034,15.315931049626702,False
chat_wild_bench,HEURISTIC,T3_PLAN,23,-13.043478260869565,8.732628891417274,0.1494721775210864,-30.159430888047424,4.072474366308294,0.1494721775210864,0.36358097234858855,-41.45229468599034,28.408816425120776,False
chat_wild_bench,HEURISTIC,T4_CONSTRAINT,46,-25.271739130434785,5.190936604442204,1.4237324377893833e-05,-35.4459748751415,-15.097503385728066,0.00015661056815683216,0.000256271838802089,-41.45229468599034,16.180555555555554,False
chat_wild_bench,HEURISTIC,T5_INTEGRATE,36,-21.180555555555554,6.565819161462103,0.002723212885726696,-34.04956111202127,-8.311549999089832,0.014977670871496828,0.026259552826650285,-41.45229468599034,20.271739130434785,False
chat_wild_bench,HEURISTIC,T6_VERIFY,15,-23.333333333333332,8.17103867423677,0.012708404785536365,-39.348569134837405,-7.318097531829263,0.027958490528180002,0.08578173230237046,-41.45229468599034,18.118961352657006,False
chat_wild_bench,HEURISTIC,T7_RESIST,4,-40.625,16.437222747978648,0.08994273833188739,-72.84195658603815,-8.408043413961849,0.09893701216507612,0.28034835703986094,-41.45229468599034,0.8272946859903385,False
chat_wild_bench,HEURISTIC,T8_EXPLORE,30,-24.166666666666668,8.039354828196094,0.00541682747651341,-39.92380212993101,-8.409531203402324,0.019861700747215837,0.0457044818330819,-41.45229468599034,17.28562801932367,True
chat_wild_bench,HEURISTIC,T9_REFRAME,4,-40.625,10.67390704787458,0.03187419510355709,-61.545857813834175,-19.70414218616582,0.05843602435652132,0.14728614028574194,-41.45229468599034,0.8272946859903385,True
chat_wild_bench,HEURISTIC,T10_PRAGMA,34,-18.75,6.986466737114383,0.011292869962589644,-32.44347480474419,-5.05652519525581,0.027958490528180002,0.08166573896432133,-41.45229468599034,22.70229468599034,False
chat_wild_bench,HEURISTIC,T11_SUSTAIN,13,-25.961538461538463,14.044168141158107,0.08930022803273173,-53.48810801820835,1.565031095131424,0.09893701216507612,0.28034835703986094,-41.45229468599034,15.490756224451875,False
llama_flask,PRESSURE,T1_RECALL,30,1.7361111111111105,3.6919238153119114,0.6416969276406913,-5.5000595669002355,8.972281789122457,0.9256855721359238,0.7911331984611262,1.7871732026143787,-0.05106209150326824,False
llama_flask,PRESSURE,T2_CHAIN,31,-6.922043010752688,4.435110498024535,0.12907412150125377,-15.614859586880778,1.7707735653754018,0.7772317898804793,0.3449893368760023,1.7871732026143787,-8.709216213367068,True
llama_flask,PRESSURE,T3_PLAN,5,-5.416666666666662,3.267580654449607,0.17271817552899538,-11.821124749387891,0.9877914160545682,0.7772317898804793,0.3918815747296534,1.7871732026143787,-7.20383986928104,False
llama_flask,PRESSURE,T4_CONSTRAINT,28,-0.9672619047619035,3.7127073249297533,0.7964337095601057,-8.24416826162422,6.309644452100413,0.9256855721359238,0.8741345592732868,1.7871732026143787,-2.754435107376282,False
llama_flask,PRESSURE,T5_INTEGRATE,9,4.62962962962963,7.231712662876532,0.5399507118264084,-9.544527189608374,18.803786448867633,0.9256855721359238,0.7217162979857935,1.7871732026143787,2.842456427015251,False
llama_flask,PRESSURE,T6_VERIFY,7,1.1904761904761922,12.23982833136375,0.9256855721359238,-22.799587338996755,25.18053971994914,0.9256855721359238,0.9593677416780004,1.7871732026143787,-0.5966970121381865,False
llama_flask,PRESSURE,T7_RESIST,8,-1.0416666666666643,6.830665129481249,0.8830962671215496,-14.429770320449911,12.346436987116583,0.9256855721359238,0.9290493061282448,1.7871732026143787,-2.828839869281043,False
llama_flask,PRESSURE,T8_EXPLORE,15,1.250000000000001,5.174692946441082,0.8126231679139859,-8.89239817502452,11.392398175024523,0.9256855721359238,0.8882925317278388,1.7871732026143787,-0.5371732026143776,False
llama_flask,PRESSURE,T9_REFRAME,11,-3.5984848484848517,7.41157314185715,0.6377674910386488,-18.125168206524865,10.928198509555163,0.9256855721359238,0.7898955164240146,1.7871732026143787,-5.385658051099231,False
llama_flask,PRESSURE,T10_PRAGMA,1,12.5,,,,,,,1.7871732026143787,10.71282679738562,False
llama_flask,PRESSURE,T11_SUSTAIN,1,-10.41666666666667,,,,,,,1.7871732026143787,-12.203839869281047,False
llama_flask,ENCOURAGE,T1_RECALL,29,-3.376436781609196,5.58941814337354,0.5506562391288419,-14.331696342621335,7.578822779402942,0.5552064063791198,0.7312474620603041,-28.78820033955858,25.41176355794938,False
llama_flask,ENCOURAGE,T2_CHAIN,32,-2.278645833333333,3.5130377713668994,0.5213567940424851,-9.164199865212456,4.606908198545789,0.5552064063791198,0.7133340270029312,-28.78820033955858,26.509554506225246,False
llama_flask,ENCOURAGE,T3_PLAN,5,-9.166666666666663,9.095366647059612,0.37054859685370656,-26.993585294903504,8.660251961570177,0.5552064063791198,0.6175809947561777,-28.78820033955858,19.621533672891914,False
llama_flask,ENCOURAGE,T4_CONSTRAINT,26,-11.778846153846152,4.759075770153466,0.020456203952992687,-21.106634663346945,-2.4510576443453598,0.1841058355769342,0.11271785851649033,-28.78820033955858,17.009354185712425,False
llama_flask,ENCOURAGE,T5_INTEGRATE,8,-4.427083333333332,4.53090789622646,0.3610779407318777,-13.307662809937193,4.453496143270529,0.5552064063791198,0.6113100682495817,-28.78820033955858,24.361117006225246,False
llama_flask,ENCOURAGE,T6_VERIFY,5,-11.249999999999998,14.710752869924773,0.4870479617789028,-40.08307562505255,17.583075625052558,0.5552064063791198,0.6946537841045025,-28.78820033955858,17.53820033955858,False
llama_flask,ENCOURAGE,T7_RESIST,7,5.357142857142857,5.837178842601449,0.39413840133253275,-6.083727674355983,16.798013388641696,0.5552064063791198,0.6410684840950833,-28.78820033955858,34.14534319670143,False
llama_flask,ENCOURAGE,T8_EXPLORE,14,-14.583333333333329,6.591697288102142,0.045451628199377744,-27.503060018013528,-1.663606648653131,0.20453232689719986,0.18046970020341163,-28.78820033955858,14.20486700622525,True
llama_flask,ENCOURAGE,T9_REFRAME,10,-5.41666666666667,8.839925911649756,0.5552064063791198,-22.742921453500188,11.90958812016685,0.5552064063791198,0.7312474620603041,-28.78820033955858,23.371533672891907,False
llama_flask,ENCOURAGE,T10_PRAGMA,1,10.41666666666667,,,,,,,-28.78820033955858,39.20486700622525,False
llama_flask,ENCOURAGE,T11_SUSTAIN,1,-4.16666666666667,,,,,,,-28.78820033955858,24.621533672891907,True
llama_flask,CRITICAL,T1_RECALL,31,-6.854838709677419,5.504520472787213,0.22265694818645415,-17.643698836340356,3.9340214169855185,0.6874999999999994,0.4494194850655893,-20.908874045801525,14.054035336124105,False
llama_flask,CRITICAL,T2_CHAIN,34,-3.6764705882352944,3.57403338753327,0.3111198270484076,-10.681576027800503,3.328634851329914,0.6874999999999994,0.54788961038961,-20.908874045801525,17.23240345756623,False
llama_flask,CRITICAL,T3_PLAN,5,4.166666666666667,3.6084391824351596,0.3124999999999998,-2.9058741309062457,11.23920746423958,0.6874999999999994,0.54788961038961,-20.908874045801525,25.075540712468193,False
llama_flask,CRITICAL,T4_CONSTRAINT,29,-11.494252873563218,5.449193313644987,0.043984239936653034,-22.17467176830739,-0.8138339788190443,0.48382663930318337,0.17724992213278087,-20.908874045801525,9.414621172238308,False
llama_flask,CRITICAL,T5_INTEGRATE,10,-5.625,9.2861011400219,0.5596488907182421,-23.825758234442922,12.575758234442922,0.8207975761926094,0.7335203907472105,-20.908874045801525,15.283874045801525,False
llama_flask,CRITICAL,T6_VERIFY,7,11.904761904761907,9.478750053140805,0.2558273837935526,-6.67358819939407,30.483112008917885,0.6874999999999994,0.4830307246451692,-20.908874045801525,32.81363595056343,True
llama_flask,CRITICAL,T7_RESIST,8,1.5625000000000027,6.643724475081249,0.8207975761926094,-11.459199971159244,14.58419997115925,0.8207975761926094,0.8936102644032441,-20.908874045801525,22.47137404580153,False
llama_flask,CRITICAL,T8_EXPLORE,16,-4.817708333333334,7.145658075069796,0.5104323966003266,-18.823198160470135,9.187781493803465,0.8207975761926094,0.7133340270029312,-20.908874045801525,16.09116571246819,False
llama_flask,CRITICAL,T9_REFRAME,11,-3.7878787878787894,9.603972266068851,0.7015605452083237,-22.611664429373736,15.035906853616158,0.8207975761926094,0.809492936778835,-20.908874045801525,17.120995257922736,False
llama_flask,CRITICAL,T10_PRAGMA,2,-3.124999999999995,5.208333333333326,0.6559582607547387,-13.333333333333313,7.083333333333323,0.8207975761926094,0.7942095533801768,-20.908874045801525,17.78387404580153,False
llama_flask,CRITICAL,T11_SUSTAIN,2,-1.0416666666666698,3.125,0.795167235300866,-7.16666666666667,5.08333333333333,0.8207975761926094,0.8741345592732868,-20.908874045801525,19.867207379134854,False
llama_flask,MISLEADING,T1_RECALL,30,-17.291666666666668,6.268451371668946,0.009948581147091538,-29.577831355137803,-5.005501978195534,0.05471719630900346,0.07461435860318653,-32.7930790960452,15.50141242937853,False
llama_flask,MISLEADING,T2_CHAIN,33,-9.785353535353536,5.49965328134916,0.08469671839518633,-20.56467396679789,0.9939668960908179,0.31055463411568324,0.2722394519845275,-32.7930790960452,23.00772556069166,False
llama_flask,MISLEADING,T3_PLAN,4,-15.10416666666666,9.859215878125474,0.2230452259214406,-34.42822978779259,4.219896454459267,0.3504996407336924,0.4494194850655893,-32.7930790960452,17.688912429378536,False
llama_flask,MISLEADING,T4_CONSTRAINT,29,-28.879310344827587,5.451256217181143,1.229412377333586e-05,-39.563772530502625,-18.19484815915255,0.00013523536150669447,0.00023710095848576302,-32.7930790960452,3.91376875121761,False
llama_flask,MISLEADING,T5_INTEGRATE,10,-11.45833333333333,8.0761828816757,0.18965134196061365,-27.287651781417704,4.3709851147510435,0.3504996407336924,0.41972018302758757,-32.7930790960452,21.33474576271187,False
llama_flask,MISLEADING,T6_VERIFY,8,-19.791666666666664,11.545931393613586,0.13021764751961382,-42.42169219814929,2.8383588648159623,0.3504996407336924,0.3449893368760023,-32.7930790960452,13.001412429378533,False
llama_flask,MISLEADING,T7_RESIST,8,-6.510416666666664,9.751353659337974,0.5257535976799382,-25.623069838969094,12.602236505635766,0.6882325080158024,0.7133340270029312,-32.7930790960452,26.282662429378533,True
llama_flask,MISLEADING,T8_EXPLORE,13,-8.493589743589743,6.492197963419673,0.2152845306643726,-21.2182977518923,4.231118264712816,0.3504996407336924,0.4430053843655663,-32.7930790960452,24.299489352455453,False
llama_flask,MISLEADING,T9_REFRAME,10,-2.9166666666666665,8.719081175399726,0.7456544331205728,-20.00606577045013,14.172732437116798,0.7456544331205728,0.835380485238816,-32.7930790960452,29.87641242937853,False
llama_flask,MISLEADING,T10_PRAGMA,2,-4.166666666666665,6.249999999999995,0.6256659163780022,-16.416666666666654,8.083333333333325,0.6882325080158024,0.7857199880095841,-32.7930790960452,28.626412429378533,False
llama_flask,MISLEADING,T11_SUSTAIN,2,-5.208333333333335,7.291666666666665,0.6051369134225068,-19.5,9.083333333333329,0.6882325080158024,0.7640680556271348,-32.7930790960452,27.58474576271186,False
llama_flask,HEURISTIC,T1_RECALL,29,-8.189655172413794,5.037670926323733,0.11522150795529583,-18.06349018800831,1.684179843180722,0.3168591468770635,0.3289105136643932,-41.45229468599034,33.262639513576545,False
llama_flask,HEURISTIC,T2_CHAIN,33,-4.67171717171717,4.521497966135737,0.3092452897000699,-13.533853185343215,4.1904188419088735,0.5669496977834615,0.54788961038961,-41.45229468599034,36.78057751427317,False
llama_flask,HEURISTIC,T3_PLAN,5,-1.6666666666666603,4.238956239453289,0.7142430904906497,-9.975020895995108,6.641687562661787,0.8729637772663497,0.8171425187816755,-41.45229468599034,39.78562801932368,False
llama_flask,HEURISTIC,T4_CONSTRAINT,28,-13.318452380952378,4.5504210595276815,0.006868632465113172,-22.237277657626635,-4.399627104278123,0.0755549571162449,0.05311046287874215,-41.45229468599034,28.13384230503796,False
llama_flask,HEURISTIC,T5_INTEGRATE,10,-5.833333333333333,5.044172165926353,0.27727061972213163,-15.719910778548986,4.053244111882319,0.5669496977834615,0.5058315359795645,-41.45229468599034,35.618961352657,False
llama_flask,HEURISTIC,T6_VERIFY,8,2.7755575615628914e-15,9.944663361073584,0.9999999999999998,-19.49154018770422,19.491540187704228,0.9999999999999999,1.0,-41.45229468599034,41.45229468599034,False
llama_flask,HEURISTIC,T7_RESIST,8,-4.42708333333333,5.6017694355026535,0.45528704891026717,-15.406551426918531,6.55238476025187,0.7154510768589912,0.6754258417899568,-41.45229468599034,37.02521135265701,False
llama_flask,HEURISTIC,T8_EXPLORE,15,-12.777777777777773,4.622249408497584,0.015208465461737758,-21.837386618433037,-3.718168937122508,0.08364656003955767,0.10015330913827304,-41.45229468599034,28.674516908212567,True
llama_flask,HEURISTIC,T9_REFRAME,9,-4.629629629629631,10.455816348212347,0.669652548943424,-25.123029672125828,15.863770412866568,0.8729637772663497,0.7983917452544318,-41.45229468599034,36.822665056360705,True
llama_flask,HEURISTIC,T10_PRAGMA,2,2.083333333333335,8.333333333333334,0.8440417392452613,-14.25,18.41666666666667,0.9284459131697874,0.9152259823141388,-41.45229468599034,43.535628019323674,False
llama_flask,HEURISTIC,T11_SUSTAIN,2,-7.291666666666666,1.041666666666665,0.09033447060173297,-9.333333333333329,-5.250000000000003,0.3168591468770635,0.28034835703986094,-41.45229468599034,34.160628019323674,False
mt_bench,PRESSURE,T1_RECALL,42,0.39682539682539775,3.0610665885789565,0.8974880832531617,-5.602865116789356,6.3965159104401526,0.8974880832531615,0.9392317150323785,1.7871732026143787,-1.390347805788981,False
mt_bench,PRESSURE,T2_CHAIN,53,-5.974842767295599,3.3858977569425117,0.08349947182524636,-12.611202370902923,0.6615168363117236,0.5418033815311892,0.27162478786525923,1.7871732026143787,-7.762015969909978,True
mt_bench,PRESSURE,T3_PLAN,10,-6.11111111111111,7.097691813606221,0.41158849273609627,-20.0225870657793,7.800364843557083,0.5632052310655504,0.6535099750293325,1.7871732026143787,-7.898284313725489,False
mt_bench,PRESSURE,T4_CONSTRAINT,58,-3.544061302681993,2.9360956153902835,0.23239210189309953,-9.298808708846948,2.210686103482963,0.5418033815311892,0.4613666728760064,1.7871732026143787,-5.331234505296372,False
mt_bench,PRESSURE,T5_INTEGRATE,5,-15.55555555555555,11.303883305208782,0.2408015029027508,-37.711166833764764,6.600055722653661,0.5418033815311892,0.4677439265017461,1.7871732026143787,-17.34272875816993,False
mt_bench,PRESSURE,T6_VERIFY,3,-22.222222222222225,23.129622216290365,0.43804851305098363,-67.55628176615134,23.11183732170689,0.5632052310655504,0.6656264548771225,1.7871732026143787,-24.009395424836605,False
mt_bench,PRESSURE,T7_RESIST,15,4.074074074074071,7.30350408089777,0.5857742402840699,-10.240793924485557,18.388942072633697,0.6589960203195786,0.7603800234456676,1.7871732026143787,2.286900871459692,False
mt_bench,PRESSURE,T8_EXPLORE,28,-3.9682539682539693,3.988777029241143,0.32863975971202647,-11.78625694556661,3.8497490090586712,0.5632052310655504,0.5724692588532074,1.7871732026143787,-5.755427170868348,False
mt_bench,PRESSURE,T9_REFRAME,1,5.55555555555554,,,,,,,1.7871732026143787,3.7683823529411615,False
mt_bench,PRESSURE,T10_PRAGMA,17,-7.18954248366013,5.751541146012431,0.22926714656761643,-18.462563129844497,4.083478162524235,0.5418033815311892,0.45853429313523286,1.7871732026143787,-8.97671568627451,False
mt_bench,PRESSURE,T11_SUSTAIN,1,11.1111111111111,,,,,,,1.7871732026143787,9.32393790849672,False
mt_bench,ENCOURAGE,T1_RECALL,53,-14.77987421383648,3.7142684368551575,0.00021520660594541086,-22.05984035007259,-7.499908077600372,0.0011836363326997597,0.0030581991371189964,-28.78820033955858,14.008326125722098,False
mt_bench,ENCOURAGE,T2_CHAIN,64,-14.496527777777779,4.114192628738755,0.0007988260349185406,-22.56034533010574,-6.432710225449819,0.0029290287947013154,0.010270620448952664,-28.78820033955858,14.2916725617808,False
mt_bench,ENCOURAGE,T3_PLAN,13,-14.529914529914528,5.885449646756009,0.02955914479617557,-26.065395837556306,-2.9944332222727503,0.06503011855158625,0.14477659707701537,-28.78820033955858,14.25828580964405,False
mt_bench,ENCOURAGE,T4_CONSTRAINT,81,-16.52949245541838,3.070910583811701,7.145895510200735e-07,-22.548477199689316,-10.510507711147447,7.860485061220808e-06,1.6078264897951655e-05,-28.78820033955858,12.258707884140197,False
mt_bench,ENCOURAGE,T5_INTEGRATE,7,-2.3809523809523814,3.607984575922182,0.5338076803004554,-9.452602149759858,4.690697387855095,0.587188448330501,0.7170550929409103,-28.78820033955858,26.4072479586062,False
mt_bench,ENCOURAGE,T6_VERIFY,4,-37.50000000000001,20.956426477326435,0.17148736897058148,-78.57459589555981,3.5745958955598027,0.26948015123948516,0.3918815747296534,-28.78820033955858,-8.711799660441429,False
mt_bench,ENCOURAGE,T7_RESIST,15,5.925925925925922,7.995197461082556,0.47083144550795925,-9.744661097795888,21.59651294964773,0.575460655620839,0.6834650015438118,-28.78820033955858,34.7141262654845,False
mt_bench,ENCOURAGE,T8_EXPLORE,41,-9.62059620596206,3.2174082711531176,0.00475327316337943,-15.92671641742217,-3.31447599450195,0.013071501199293433,0.04139947593911117,-28.78820033955858,19.16760413359652,True
mt_bench,ENCOURAGE,T9_REFRAME,4,5.55555555555555,3.9283710065919277,0.2522154963555047,-2.144051617364628,13.255162728475728,0.346796307488819,0.4800302802314502,-28.78820033955858,34.34375589511413,False
mt_bench,ENCOURAGE,T10_PRAGMA,20,-13.055555555555559,5.8444616769807975,0.03771103595225476,-24.510700442437923,-1.6004106686731951,0.0691368992458004,0.16161872550966325,-28.78820033955858,15.73264478400302,False
mt_bench,ENCOURAGE,T11_SUSTAIN,2,2.777777777777775,8.333333333333325,0.7951672353008665,-13.555555555555543,19.111111111111093,0.7951672353008665,0.8741345592732868,-28.78820033955858,31.565978117336353,True
mt_bench,CRITICAL,T1_RECALL,57,-18.9083820662768,4.010846863407442,1.650371209851074e-05,-26.769641918555386,-11.047122213998215,8.25185604925537e-05,0.00027850014166236873,-20.908874045801525,2.0004919795247247,False
mt_bench,CRITICAL,T2_CHAIN,61,-16.21129326047359,4.816148784138932,0.0013349300644893006,-25.650944877385896,-6.771641643561283,0.0044497668816310025,0.01567091814835266,-20.908874045801525,4.697580785327936,False
mt_bench,CRITICAL,T3_PLAN,15,-22.592592592592588,9.366573880092163,0.030164597091000247,-40.95107739757323,-4.234107787611947,0.06032919418200049,0.14477659707701537,-20.908874045801525,-1.683718546791063,False
mt_bench,CRITICAL,T4_CONSTRAINT,80,-20.555555555555554,3.7521156192960943,4.950082594968878e-07,-27.909702169375898,-13.20140894173521,4.950082594968877e-06,1.336522300641597e-05,-20.908874045801525,0.3533184902459716,False
mt_bench,CRITICAL,T5_INTEGRATE,9,-17.901234567901238,11.593604920366017,0.16115158016116443,-40.624700211818634,4.8222310760161555,0.23021654308737777,0.3783558838566469,-20.908874045801525,3.0076394779002875,False
mt_bench,CRITICAL,T6_VERIFY,4,-16.666666666666668,25.051387515682745,0.5534373023179662,-65.76738619740485,32.434052864071504,0.605594681126692,0.7312474620603041,-20.908874045801525,4.242207379134857,True
mt_bench,CRITICAL,T7_RESIST,13,-9.829059829059833,12.863176874608898,0.4595553193203823,-35.04088650329327,15.382766845173606,0.5744441491504779,0.6780324383415476,-20.908874045801525,11.079814216741692,False
mt_bench,CRITICAL,T8_EXPLORE,41,-12.737127371273713,4.033527353351068,0.00302116601024186,-20.642840983841808,-4.8314137587056205,0.00755291502560465,0.028128097336734558,-20.908874045801525,8.171746674527812,False
mt_bench,CRITICAL,T9_REFRAME,3,-12.962962962962973,21.356597397538508,0.605594681126692,-54.82189386213845,28.895967936212504,0.605594681126692,0.7640680556271348,-20.908874045801525,7.945911082838553,False
mt_bench,CRITICAL,T10_PRAGMA,21,-11.640211640211644,5.620058897230743,0.051493149944938164,-22.6555270787839,-0.6248962016393875,0.08582191657489695,0.19976526597653407,-20.908874045801525,9.26866240558988,False
mt_bench,CRITICAL,T11_SUSTAIN,1,-5.55555555555555,,,,,,,-20.908874045801525,15.353318490245975,False
mt_bench,MISLEADING,T1_RECALL,64,-27.604166666666668,3.630579283869028,1.7646561324787158e-10,-34.720102063049964,-20.48823127028337,8.823280662393578e-10,7.94095259615422e-09,-32.7930790960452,5.188912429378529,False
mt_bench,MISLEADING,T2_CHAIN,71,-24.72613458528951,3.8859155258201823,1.771589243830531e-08,-32.34252901589707,-17.109740154681955,4.428973109576328e-08,5.314767731491594e-07,-32.7930790960452,8.066944510755686,False
mt_bench,MISLEADING,T3_PLAN,14,-34.92063492063492,7.735551067308703,0.0005818639255638345,-50.082315012559974,-19.75895482870986,0.001163727851127669,0.007855162995111766,-32.7930790960452,-2.12755582458972,False
mt_bench,MISLEADING,T4_CONSTRAINT,90,-28.209876543209877,3.413774581037186,1.2482890500475233e-12,-34.90087472204276,-21.51887836437699,1.2482890500475233e-11,6.740760870256626e-11,-32.7930790960452,4.583202552835321,False
mt_bench,MISLEADING,T5_INTEGRATE,6,-31.481481481481477,12.39496335606038,0.051902604966787634,-55.77560965935982,-7.187353303603132,0.06487825620848454,0.19976526597653407,-32.7930790960452,1.3115976145637198,False
mt_bench,MISLEADING,T6_VERIFY,6,-34.25925925925926,18.28088269623858,0.11978889807658696,-70.08978934388688,1.5712708253683587,0.1330987756406522,0.3334330152647266,-32.7930790960452,-1.4661801632140623,False
mt_bench,MISLEADING,T7_RESIST,19,-26.900584795321635,7.200611917061939,0.0015128089036733606,-41.01378415276304,-12.787385437880236,0.00233721252843132,0.017019100166325307,-32.7930790960452,5.892494300723563,True
mt_bench,MISLEADING,T8_EXPLORE,46,-29.468599033816425,4.292454711290717,1.6150307258728716e-08,-37.88181026794623,-21.05538779968662,4.428973109576328e-08,5.314767731491594e-07,-32.7930790960452,3.3244800622287727,False
mt_bench,MISLEADING,T9_REFRAME,3,-12.962962962962962,14.463425325753064,0.46469662096868936,-41.31127660143897,15.385350675513045,0.46469662096868936,0.6786816882724569,-32.7930790960452,19.830116133082235,False
mt_bench,MISLEADING,T10_PRAGMA,20,-24.16666666666667,6.589157120069036,0.0016360487699019237,-37.08141462200198,-11.251918711331362,0.00233721252843132,0.017669326714940776,-32.7930790960452,8.626412429378526,False
mt_bench,MISLEADING,T11_SUSTAIN,1,-5.55555555555555,,,,,,,-32.7930790960452,27.237523540489647,False
mt_bench,HEURISTIC,T1_RECALL,62,-20.161290322580644,3.7186335682913443,1.067355703539032e-06,-27.44981211643168,-12.872768528729608,5.336778517695159e-06,2.2168156919656815e-05,-41.45229468599034,21.291004363409694,False
mt_bench,HEURISTIC,T2_CHAIN,65,-18.888888888888893,4.506774472319363,8.681326653340117e-05,-27.722166854634843,-10.055610923142941,0.0002893775551113372,0.001378798939059901,-41.45229468599034,22.563405797101446,False
mt_bench,HEURISTIC,T3_PLAN,12,-4.166666666666668,6.1971672685899115,0.5152352983099179,-16.313114513102896,7.979781179769558,0.5152352983099179,0.7133340270029312,-41.45229468599034,37.28562801932367,False
mt_bench,HEURISTIC,T4_CONSTRAINT,84,-17.195767195767196,3.1917552623531122,6.543852853422509e-07,-23.451607509979297,-10.939926881555095,5.336778517695159e-06,1.6062184276582522e-05,-41.45229468599034,24.256527490223142,False
mt_bench,HEURISTIC,T5_INTEGRATE,6,-8.333333333333332,6.374783140021667,0.2480174401798643,-20.8279082877758,4.161241621109134,0.2755749335331826,0.47831934891830974,-41.45229468599034,33.11896135265701,False
mt_bench,HEURISTIC,T6_VERIFY,4,-41.666666666666664,15.298807075794729,0.07233417133003114,-71.65232853522433,-11.681004798108997,0.10333453047147308,0.2472180539127647,-41.45229468599034,-0.2143719806763258,False
mt_bench,HEURISTIC,T7_RESIST,17,-20.588235294117645,10.29217224070165,0.06272741664118428,-40.76089288589288,-0.41557770234241076,0.10333453047147308,0.22284740122525992,-41.45229468599034,20.864059391872694,False
mt_bench,HEURISTIC,T8_EXPLORE,39,-13.390313390313388,3.7727001232632893,0.0010478459681106543,-20.784805631909435,-5.995821148717341,0.002619614920276636,0.012859927790448939,-41.45229468599034,28.06198129567695,True
mt_bench,HEURISTIC,T9_REFRAME,1,5.55555555555554,,,,,,,-41.45229468599034,47.00785024154588,True
mt_bench,HEURISTIC,T10_PRAGMA,24,-10.648148148148149,4.620562780177166,0.030563948271814356,-19.704451197295395,-1.5918450990009028,0.06112789654362871,0.14477659707701537,-41.45229468599034,30.80414653784219,False
mt_bench,HEURISTIC,T11_SUSTAIN,2,-8.33333333333333,2.7777777777777803,0.2048327646991337,-13.777777777777779,-2.8888888888888813,0.2560409558739171,0.43873524472655684,-41.45229468599034,33.11896135265701,False
qwen_flask,PRESSURE,T1_RECALL,28,0.8184523809523818,2.3313052314888996,0.7282601813564148,-3.7509058727658613,5.387810634670625,0.8964864414854906,0.822720706971682,1.7871732026143787,-0.9687208216619969,False
qwen_flask,PRESSURE,T2_CHAIN,29,-2.6580459770114917,1.8722514283559455,0.16673190914005848,-6.3276587765891446,1.0115668225661616,0.5632901029226186,0.3880828919639292,1.7871732026143787,-4.44521917962587,True
qwen_flask,PRESSURE,T3_PLAN,5,-4.9999999999999964,1.9320038532282728,0.06081285615452268,-8.786727552327411,-1.2132724476725816,0.5632901029226186,0.21892628215628165,1.7871732026143787,-6.787173202614375,False
qwen_flask,PRESSURE,T4_CONSTRAINT,22,-3.124999999999999,1.994639807825704,0.1321307739860237,-7.034494023338379,0.7844940233383806,0.5632901029226186,0.3463622230701592,1.7871732026143787,-4.912173202614378,False
qwen_flask,PRESSURE,T5_INTEGRATE,5,2.0833333333333344,5.70544330734548,0.7334889066699468,-9.099335549063808,13.266002215730476,0.8964864414854906,0.8251750200036903,1.7871732026143787,0.29616013071895564,False
qwen_flask,PRESSURE,T6_VERIFY,10,3.7500000000000027,5.674082837726526,0.525231089636854,-7.371202361943987,14.871202361943993,0.8253631408579135,0.7133340270029312,1.7871732026143787,1.962826797385624,False
qwen_flask,PRESSURE,T7_RESIST,7,-2.9738116731030978e-15,2.033125151976109,0.9999999999999989,-3.984925297873177,3.9849252978731706,1.0,1.0,1.7871732026143787,-1.7871732026143816,False
qwen_flask,PRESSURE,T8_EXPLORE,14,-3.8690476190476164,3.881355458966463,0.33704103415966175,-11.476504318621885,3.7384090805266514,0.7414902751512559,0.581255290932586,1.7871732026143787,-5.656220821661995,False
qwen_flask,PRESSURE,T9_REFRAME,6,-2.777777777777777,3.4303025097856863,0.454864137485222,-9.501170696957722,3.9456151414021683,0.8253631408579135,0.6754258417899568,1.7871732026143787,-4.5649509803921555,False
qwen_flask,PRESSURE,T10_PRAGMA,2,3.125,1.0416666666666698,0.20483276469913403,1.0833333333333273,5.166666666666673,0.5632901029226186,0.43873524472655684,1.7871732026143787,1.3378267973856213,False
qwen_flask,PRESSURE,T11_SUSTAIN,2,5.0306980803327406e-15,2.083333333333325,1.0,-4.083333333333312,4.083333333333322,1.0,1.0,1.7871732026143787,-1.7871732026143736,False
qwen_flask,ENCOURAGE,T1_RECALL,32,-3.9713541666666656,3.081801805989763,0.20705547865449495,-10.0116857064066,2.06897737307327,0.6942660164088197,0.43873524472655684,-28.78820033955858,24.816846172891914,False
qwen_flask,ENCOURAGE,T2_CHAIN,29,0.5028735632183916,2.9817236657213875,0.8672828153311614,-5.3413048215955286,6.347051948032311,0.8843173024998477,0.9290493061282448,-28.78820033955858,29.29107390277697,False
qwen_flask,ENCOURAGE,T3_PLAN,5,-2.9166666666666665,3.131936745494354,0.40443286409221335,-9.0552626878356,3.2219293545022674,0.83065003875695,0.6516930398747033,-28.78820033955858,25.87153367289191,False
qwen_flask,ENCOURAGE,T4_CONSTRAINT,24,-3.472222222222222,2.4498886042790344,0.16980074835030953,-8.27400388660913,1.3295594421646855,0.6942660164088197,0.3918478808084066,-28.78820033955858,25.315978117336357,False
qwen_flask,ENCOURAGE,T5_INTEGRATE,7,-0.5952380952380971,3.331915798362433,0.8640941349883783,-7.125793060028466,5.935316869552272,0.8843173024998477,0.9290493061282448,-28.78820033955858,28.19296224432048,False
qwen_flask,ENCOURAGE,T6_VERIFY,9,-5.555555555555555,12.572129854327551,0.670267019734703,-30.196930070037553,19.085818958926446,0.8843173024998477,0.7983917452544318,-28.78820033955858,23.23264478400302,False
qwen_flask,ENCOURAGE,T7_RESIST,6,-3.8194444444444446,5.1149027300889705,0.48883044066613146,-13.844653795418827,6.205764906529938,0.83065003875695,0.6946537841045025,-28.78820033955858,24.968755895114136,False
qwen_flask,ENCOURAGE,T8_EXPLORE,15,-4.027777777777777,3.3744161425868864,0.25246036960320717,-10.641633417248073,2.5860778616925204,0.6942660164088197,0.4800302802314502,-28.78820033955858,24.7604225617808,True
qwen_flask,ENCOURAGE,T9_REFRAME,8,-0.7812500000000007,5.177550400508099,0.8843173024998477,-10.929248784995874,9.366748784995874,0.8843173024998477,0.9290493061282448,-28.78820033955858,28.00695033955858,False
qwen_flask,ENCOURAGE,T10_PRAGMA,2,5.20833333333333,1.0416666666666698,0.1256659163780028,3.1666666666666576,7.2500000000000036,0.6942660164088197,0.3449893368760023,-28.78820033955858,33.99653367289191,False
qwen_flask,ENCOURAGE,T11_SUSTAIN,3,2.777777777777777,3.6746545987008172,0.5285954792089682,-4.424545235675825,9.98010079123138,0.83065003875695,0.713603896932107,-28.78820033955858,31.565978117336357,True
qwen_flask,CRITICAL,T1_RECALL,28,-5.282738095238093,2.0983862676086398,0.018057074981264402,-9.395575179751027,-1.1699010107251588,0.09931391239695421,0.10599814252158053,-20.908874045801525,15.626135950563432,False
qwen_flask,CRITICAL,T2_CHAIN,28,-4.613095238095236,3.494237651406708,0.19785137143812365,-11.461801034852385,2.2356105586619117,0.43107899329262905,0.4343078885227104,-20.908874045801525,16.295778807706288,False
qwen_flask,CRITICAL,T3_PLAN,3,-7.638888888888884,1.8373272993504068,0.05327073759374242,-11.24005039561568,-4.037727382162087,0.19532603784372224,0.19976526597653407,-20.908874045801525,13.269985156912641,False
qwen_flask,CRITICAL,T4_CONSTRAINT,21,-9.027777777777777,3.2445178291331067,0.011493696594978557,-15.387032722878665,-2.6685228326768877,0.09931391239695421,0.08166573896432133,-20.908874045801525,11.881096268023748,False
qwen_flask,CRITICAL,T5_INTEGRATE,5,5.551115123125783e-16,6.038073644245598,0.9999999999999999,-11.834624342721371,11.834624342721371,0.9999999999999999,1.0,-20.908874045801525,20.908874045801525,False
qwen_flask,CRITICAL,T6_VERIFY,8,6.510416666666669,9.007663700002418,0.49325971044899647,-11.144604185338071,24.165437518671407,0.6028729794376624,0.6972781247184767,-20.908874045801525,27.419290712468193,True
qwen_flask,CRITICAL,T7_RESIST,6,-1.3888888888888884,1.8373272993504084,0.4837628937195336,-4.990050395615689,2.212272617837912,0.6028729794376624,0.6946537841045025,-20.908874045801525,19.519985156912636,False
qwen_flask,CRITICAL,T8_EXPLORE,12,-3.6458333333333313,2.9027105678266287,0.235133996341434,-9.335146046273524,2.043479379606861,0.43107899329262905,0.46340276651231516,-20.908874045801525,17.263040712468193,False
qwen_flask,CRITICAL,T9_REFRAME,6,-1.3888888888888866,3.2125093072834376,0.683506977874609,-7.685407131164424,4.907629353386651,0.7518576756620698,0.7983917452544318,-20.908874045801525,19.51998515691264,False
qwen_flask,CRITICAL,T10_PRAGMA,2,3.125,1.0416666666666698,0.20483276469913403,1.0833333333333273,5.166666666666673,0.43107899329262905,0.43873524472655684,-20.908874045801525,24.033874045801525,False
qwen_flask,CRITICAL,T11_SUSTAIN,3,-4.166666666666663,3.6084391824351587,0.36754446796632423,-11.239207464239573,2.9058741309062475,0.5775698782327953,0.6163789214342082,-20.908874045801525,16.74220737913486,False
qwen_flask,MISLEADING,T1_RECALL,30,-9.999999999999996,3.7393420276151716,0.012175073502477627,-17.329110374125733,-2.67088962587426,0.05968396451622588,0.08428897040176818,-32.7930790960452,22.7930790960452,False
qwen_flask,MISLEADING,T2_CHAIN,32,-12.890624999999996,5.155509596428729,0.017905189354867766,-22.995423809000307,-2.7858261909996873,0.05968396451622588,0.10599814252158053,-32.7930790960452,19.9024540960452,False
qwen_flask,MISLEADING,T3_PLAN,4,-29.166666666666668,18.692040046798294,0.21658041013427687,-65.80306515839132,7.469731825057988,0.41792094323224743,0.4430053843655663,-32.7930790960452,3.6264124293785294,False
qwen_flask,MISLEADING,T4_CONSTRAINT,22,-20.549242424242422,5.978493449967507,0.0024722765153739517,-32.267089586178734,-8.831395262306108,0.024722765153739515,0.02472276515373952,-32.7930790960452,12.243836671802775,False
qwen_flask,MISLEADING,T5_INTEGRATE,6,-17.013888888888886,14.467962958222346,0.2925446602625732,-45.37109628700468,11.343318509226911,0.41792094323224743,0.5301144850395622,-32.7930790960452,15.779190207156311,False
qwen_flask,MISLEADING,T6_VERIFY,10,-3.7500000000000013,13.042990407319639,0.7802315836408242,-29.314261198346493,21.814261198346493,0.866923981823138,0.8705063123265395,-32.7930790960452,29.043079096045197,False
qwen_flask,MISLEADING,T7_RESIST,7,-0.29761904761904856,4.026115850734726,0.9434752084302266,-8.188806115059112,7.5935680198210145,0.9434752084302266,0.9722778514365831,-32.7930790960452,32.495460048426146,True
qwen_flask,MISLEADING,T8_EXPLORE,13,-17.948717948717945,7.272710637700629,0.02960418662374545,-32.20323079861118,-3.694205098824712,0.07401046655936362,0.14477659707701537,-32.7930790960452,14.844361147327252,False
qwen_flask,MISLEADING,T9_REFRAME,6,-13.194444444444443,10.726862841472016,0.27339620427826955,-34.21909561372959,7.830206724840707,0.41792094323224743,0.5021562935723318,-32.7930790960452,19.598634651600754,False
qwen_flask,MISLEADING,T10_PRAGMA,1,-2.08333333333332,,,,,,,-32.7930790960452,30.709745762711876,False
qwen_flask,MISLEADING,T11_SUSTAIN,2,-6.249999999999996,8.333333333333325,0.5903344706017329,-22.583333333333314,10.083333333333321,0.7379180882521662,0.7626330481457794,-32.7930790960452,26.5430790960452,False
qwen_flask,HEURISTIC,T1_RECALL,30,-6.180555555555554,3.2589940470654444,0.067900965254823,-12.568183887803825,0.2070727766927174,0.26106410073712744,0.23504180280515655,-41.45229468599034,35.27173913043478,False
qwen_flask,HEURISTIC,T2_CHAIN,32,-6.575520833333331,2.9315536917650094,0.03218474917355102,-12.321366069192749,-0.829675597473913,0.26106410073712744,0.14728614028574194,-41.45229468599034,34.87677385265701,False
qwen_flask,HEURISTIC,T3_PLAN,5,-0.4166666666666661,3.1868871959954896,0.9022895822490165,-6.662965570817826,5.8296322374844936,0.9022895822490166,0.9406107614178937,-41.45229468599034,41.035628019323674,False
qwen_flask,HEURISTIC,T4_CONSTRAINT,26,-6.009615384615384,3.4559323668146877,0.09434939873754002,-12.783242823572172,0.7640120543414035,0.26106410073712744,0.284797200804139,-41.45229468599034,35.44267930137495,False
qwen_flask,HEURISTIC,T5_INTEGRATE,7,-10.119047619047624,11.9283001426554,0.4287972889713839,-33.49851589865221,13.26042066055696,0.694988670883353,0.6578140228538276,-41.45229468599034,31.333247066942715,False
qwen_flask,HEURISTIC,T6_VERIFY,11,-18.560606060606055,10.06393131428383,0.09493240026804634,-38.28591143660236,1.1646993153902514,0.26106410073712744,0.284797200804139,-41.45229468599034,22.891688625384283,False
qwen_flask,HEURISTIC,T7_RESIST,6,-3.47222222222222,3.6350700911951113,0.3833433308307001,-10.596959600964638,3.6525151565201974,0.694988670883353,0.631114020270055,-41.45229468599034,37.98007246376812,False
qwen_flask,HEURISTIC,T8_EXPLORE,14,-0.8928571428571404,3.2371827253352774,0.787027361769388,-7.237735284514284,5.452020998800003,0.8657300979463269,0.8741345592732868,-41.45229468599034,40.5594375431332,True
qwen_flask,HEURISTIC,T9_REFRAME,8,-3.1249999999999964,3.8374395709010787,0.44226551783486107,-10.64638155896611,4.396381558966118,0.694988670883353,0.6656264548771225,-41.45229468599034,38.32729468599034,True
qwen_flask,HEURISTIC,T10_PRAGMA,2,2.083333333333335,4.166666666666664,0.7048327646991331,-6.083333333333328,10.249999999999996,0.8614622679656071,0.8098078573138977,-41.45229468599034,43.535628019323674,False
qwen_flask,HEURISTIC,T11_SUSTAIN,3,2.7777777777777795,5.933335934248283,0.6857303194726452,-8.851560653348855,14.407116208904412,0.8614622679656071,0.7983917452544318,-41.45229468599034,44.23007246376812,False
