strategy,op,op_name,n_on,n_off,dscore_bal,dscore_std,dscore_med_bal,dpp_bal,p,p_med,p_std,p_bin,p_tt,q,q_med,q_std,q_bin,sig,sig_med,sig_std,sig_bin,target,dpp_bal_v4,p_v4,q_v4,sig_v4
PRESSURE,T1_RECALL,检索回忆,118,239,0.037446204344352495,0.20131687456645553,0.037031666892777995,0.07388414055080716,0.1571072319201995,0.16708229426433915,0.09226932668329177,0.19451371571072318,0.9474521317228466,0.885286783042394,0.8671868715308503,0.8009975062344141,0.9296203934607924,False,False,False,False,0,0.0738841405508071,0.1945137157107231,0.9296203934607924,False
PRESSURE,T2_CHAIN,链式推演,150,207,-0.029109027545533846,-0.163311028562143,-0.03099659003915695,-0.023021844287249342,0.2817955112219451,0.2518703241895262,0.1546134663341646,0.6907730673316709,0.6447551245809824,0.885286783042394,0.8671868715308503,0.8009975062344141,0.9943890274314213,False,False,False,False,1,-0.0230218442872493,0.6907730673316709,0.9943890274314212,False
PRESSURE,T3_PLAN,分解规划,34,323,0.021479735087134695,-0.002647179523185599,0.021816906992934055,-0.10631450248850381,0.7281795511221946,0.7182044887780549,0.9925187032418953,0.22693266832917705,0.2782290728676593,0.9720264556001301,0.9854992149256488,1.0,0.9296203934607924,False,False,False,False,0,-0.1063145024885038,0.226932668329177,0.9296203934607924,False
PRESSURE,T4_CONSTRAINT,约束对齐,138,219,0.021739958684058057,0.008942294642503797,0.023369588313687687,-0.007685250567238143,0.49625935162094764,0.4713216957605985,0.9451371571072319,0.8902743142144638,0.29625972207076734,0.885286783042394,0.8671868715308503,1.0,0.9943890274314213,False,False,False,False,0,-0.0076852505672381,0.8902743142144638,0.9943890274314212,False
PRESSURE,T5_INTEGRATE,信息整合,52,305,-0.005417988335901249,0.028912714647556587,-0.005971030065413567,0.022481977483639143,0.9326683291770573,0.912718204488778,0.8628428927680798,0.8029925187032418,0.08373374673760987,0.9950124688279302,0.9854992149256488,1.0,0.9943890274314213,False,False,False,False,0,0.0224819774836391,0.8029925187032418,0.9943890274314212,False
PRESSURE,T6_VERIFY,校验纠错,36,321,0.04589623316169971,0.23457621184344277,0.04589623316169971,0.03464138971238365,0.29925187032418954,0.29925187032418954,0.2144638403990025,0.683291770573566,0.2532296722885298,0.885286783042394,0.8671868715308503,0.8009975062344141,0.9943890274314213,False,False,False,False,0,0.0346413897123836,0.683291770573566,0.9943890274314212,False
PRESSURE,T7_RESIST,抗扰判断,32,325,0.029005949122554827,0.15805655146008504,0.03720985195011358,0.03608312643595739,0.5012468827930174,0.38902743142144636,0.4164588528678304,0.7306733167082294,0.8842455393865133,0.885286783042394,0.8671868715308503,0.8585018934146116,0.9943890274314213,False,False,False,False,0,0.0360831264359573,0.7306733167082294,0.9943890274314212,False
PRESSURE,T8_EXPLORE,探索发散,81,276,0.005022428348728414,-0.018068841355465215,0.004793804663314603,-0.04998893407077139,0.8802992518703242,0.8827930174563591,0.885286783042394,0.428927680798005,0.7841254291339679,0.9950124688279302,0.9854992149256488,1.0,0.9296203934607924,False,False,False,False,0,-0.0499889340707713,0.428927680798005,0.9296203934607924,False
PRESSURE,T9_REFRAME,换表征,32,325,-0.08136887410664864,-0.2703823267077566,-0.08136887410664864,0.02033921221173859,0.0773067331670823,0.0773067331670823,0.13466334164588528,0.8329177057356608,0.01646410963905982,0.885286783042394,0.8671868715308503,0.8009975062344141,0.9943890274314213,False,False,False,False,0,0.0203392122117385,0.8329177057356608,0.9943890274314212,False
PRESSURE,T10_PRAGMA,语用改写,40,317,0.007638725988479687,0.01141782488138143,0.0071096254593791585,-0.09334975369458129,0.9276807980049875,0.9326683291770573,0.9600997506234414,0.40399002493765584,0.052782619814580205,0.9950124688279302,0.9854992149256488,1.0,0.9296203934607924,False,False,False,False,0,-0.0933497536945812,0.4039900249376558,0.9296203934607924,False
PRESSURE,T11_SUSTAIN,长程一致,14,343,0.07500000000000001,0.20427469381279217,0.07500000000000001,-0.06388888888888888,0.6359102244389028,0.6359102244389028,0.6359102244389028,1.0,0.20805921254094972,0.9452719552470176,0.9452719552470176,0.9203963774773593,1.0,False,False,False,False,0,-0.0638888888888888,1.0,1.0,False
ENCOURAGE,T1_RECALL,检索回忆,136,374,0.0009817844741691038,-0.0070438989700284,0.001943634935393789,-0.03951997176769132,0.9800498753117207,0.9476309226932669,0.940149625935162,0.4538653366583541,4.613518918884448e-14,0.9950124688279302,0.9854992149256488,1.0,0.9296203934607924,False,False,False,False,0,-0.0395199717676913,0.4538653366583541,0.9296203934607924,False
ENCOURAGE,T2_CHAIN,链式推演,271,239,0.04866094121659515,0.19058835689583695,0.048108149619027415,0.1083320673859505,0.09975062344139651,0.10224438902743142,0.10473815461346633,0.05486284289276808,2.0379324445481268e-20,0.885286783042394,0.8671868715308503,0.8009975062344141,0.8229426433915212,False,False,False,False,0,0.1083320673859505,0.054862842892768,0.8229426433915212,False
ENCOURAGE,T3_PLAN,分解规划,43,467,0.01910819161838553,0.05645372624779892,0.01794727336949965,-0.025580842958123174,0.7381546134663342,0.7406483790523691,0.7356608478802993,0.7456359102244389,3.6440490268730686e-05,0.9720264556001301,0.9854992149256488,0.9633653960337253,0.9943890274314213,False,False,False,False,0,-0.0255808429581231,0.7456359102244389,0.9943890274314212,False
ENCOURAGE,T4_CONSTRAINT,约束对齐,170,340,-0.04143416606635399,-0.18013702591528774,-0.039725389138278826,-0.08960338559049771,0.16458852867830423,0.19451371571072318,0.0798004987531172,0.06982543640897755,2.417317547627729e-07,0.885286783042394,0.8671868715308503,0.8009975062344141,0.8229426433915212,False,False,False,False,0,-0.0896033855904977,0.0698254364089775,0.8229426433915212,False
ENCOURAGE,T5_INTEGRATE,信息整合,64,446,0.03817525284685937,0.15536759521009874,0.037295523750372095,0.007871545269317099,0.5187032418952618,0.5336658354114713,0.34663341645885287,0.940149625935162,4.253140399305817e-09,0.885286783042394,0.9172381546134662,0.8009975062344141,0.9943890274314213,False,False,False,False,0,0.007871545269317,0.940149625935162,0.9943890274314212,False
ENCOURAGE,T6_VERIFY,校验纠错,40,470,0.004193487054703449,-0.008427471067590082,0.004193487054703449,0.004660632842841059,0.942643391521197,0.942643391521197,0.972568578553616,0.9251870324189526,3.5294335355957706e-06,0.9950124688279302,0.9854992149256488,1.0,0.9943890274314213,False,False,False,False,0,0.004660632842841,0.9251870324189526,0.9943890274314212,False
ENCOURAGE,T7_RESIST,抗扰判断,37,473,0.039439056364013125,0.20766064853875177,0.03753499641683543,0.06590241106582549,0.371571072319202,0.4089775561097257,0.22942643391521197,0.4089775561097257,5.058684434850789e-07,0.885286783042394,0.8671868715308503,0.8009975062344141,0.9296203934607924,False,False,False,False,0,0.0659024110658254,0.4089775561097257,0.9296203934607924,False
ENCOURAGE,T8_EXPLORE,探索发散,92,418,-0.04471653765283152,-0.12677274454097912,-0.044789733378201156,-0.06518782778569993,0.22443890274314215,0.22693266832917705,0.3117206982543641,0.2793017456359102,3.496510304318077e-08,0.885286783042394,0.8671868715308503,0.8009975062344141,0.9296203934607924,False,False,False,False,1,-0.0651878277856999,0.2793017456359102,0.9296203934607924,False
ENCOURAGE,T9_REFRAME,换表征,36,474,-0.056188952188831534,-0.17506446817703658,-0.056188952188831534,-0.03612240365064913,0.26184538653366585,0.26184538653366585,0.3640897755610973,0.71571072319202,0.004596694126900622,0.885286783042394,0.8671868715308503,0.8009975062344141,0.9943890274314213,False,False,False,False,0,-0.0361224036506491,0.71571072319202,0.9943890274314212,False
ENCOURAGE,T10_PRAGMA,语用改写,43,467,0.030920942779917134,0.08521271058169895,0.02865635077173538,-0.01329012867474407,0.685785536159601,0.6907730673316709,0.655860349127182,0.8977556109725686,3.636952792925047e-05,0.9671334484302065,0.9741671462369718,0.9249312615896158,0.9943890274314213,False,False,False,False,0,-0.013290128674744,0.8977556109725686,0.9943890274314212,False
ENCOURAGE,T11_SUSTAIN,长程一致,17,493,0.0013078470824949562,0.04747326924441091,0.0013078470824949562,0.0379443326626425,0.9950124688279302,0.9950124688279302,0.8453865336658354,0.8528678304239401,0.07057928916982191,0.9950124688279302,0.9950124688279302,1.0,0.9943890274314213,False,False,False,False,1,0.0379443326626425,0.8528678304239401,0.9943890274314212,False
CRITICAL,T1_RECALL,检索回忆,127,322,-0.02530602158179786,-0.12364092482974717,-0.02493831392206693,-0.03917777462759873,0.4339152119700748,0.48877805486284287,0.286783042394015,0.456359102244389,0.00012688920641879084,0.885286783042394,0.8671868715308503,0.8009975062344141,0.9296203934607924,False,False,False,False,0,-0.0391777746275987,0.456359102244389,0.9296203934607924,False
CRITICAL,T2_CHAIN,链式推演,223,226,0.02819920399568831,0.07894464441443791,0.03173317987008972,0.059130933787971345,0.38403990024937656,0.3516209476309227,0.513715710723192,0.2892768079800499,4.5227829287811945e-11,0.885286783042394,0.8671868715308503,0.8769742310889442,0.9296203934607924,False,False,False,False,0,0.0591309337879713,0.2892768079800499,0.9296203934607924,False
CRITICAL,T3_PLAN,分解规划,39,410,0.0685125565984941,0.12905808717884037,0.06083381558641976,-0.09032738095238096,0.3316708229426434,0.4164588528678304,0.4937655860349127,0.36658354114713215,0.00011927874779074762,0.885286783042394,0.8671868715308503,0.8760357171587161,0.9296203934607924,False,False,False,False,0,-0.0903273809523809,0.3665835411471321,0.9296203934607924,False
CRITICAL,T4_CONSTRAINT,约束对齐,160,289,-0.039774904826275055,-0.2164266368888007,-0.04183251799499933,-0.11715673773926517,0.26932668329177056,0.2593516209476309,0.057356608478802994,0.032418952618453865,4.291914927623509e-05,0.885286783042394,0.8671868715308503,0.7886533665835411,0.8229426433915212,False,False,False,False,0,-0.1171567377392651,0.0324189526184538,0.8229426433915212,False
CRITICAL,T5_INTEGRATE,信息整合,58,391,0.03447169430341607,0.10219295792342167,0.030540183427460753,0.012519487814384297,0.6209476309226932,0.6608478802992519,0.5561097256857855,0.8553615960099751,1.1771082141958504e-05,0.9452719552470176,0.9564903530647068,0.8896677225854283,0.9943890274314213,False,False,False,False,0,0.0125194878143842,0.8553615960099751,0.9943890274314212,False
CRITICAL,T6_VERIFY,校验纠错,41,408,0.07033792899907246,0.3612418944876805,0.07033792899907246,0.023520887977596418,0.3092269326683292,0.3092269326683292,0.032418952618453865,0.830423940149626,4.6684263639128644e-06,0.885286783042394,0.8671868715308503,0.6857855361596009,0.9943890274314213,False,False,False,False,1,0.0235208879775964,0.830423940149626,0.9943890274314212,False
CRITICAL,T7_RESIST,抗扰判断,34,415,0.04258699654496738,0.18910516065288815,0.04871444752535953,0.1056800015910745,0.40648379052369077,0.3516209476309227,0.3316708229426434,0.256857855361596,0.01128324662306547,0.885286783042394,0.8671868715308503,0.8009975062344141,0.9296203934607924,False,False,False,False,0,0.1056800015910745,0.256857855361596,0.9296203934607924,False
CRITICAL,T8_EXPLORE,探索发散,87,362,0.026546715189074352,0.07700749883210285,0.027390401090231505,-0.025875487492220108,0.5536159600997507,0.5586034912718204,0.5760598503740648,0.6783042394014963,2.216057552701517e-06,0.895555229573126,0.9310058187863673,0.8896677225854283,0.9943890274314213,False,False,False,False,0,-0.0258754874922201,0.6783042394014963,0.9943890274314212,False
CRITICAL,T9_REFRAME,换表征,30,419,0.056172960334937336,0.20200097604148598,0.056172960334937336,0.006912976103091091,0.3266832917705736,0.3266832917705736,0.3640897755610973,0.9351620947630923,0.02332519889925661,0.885286783042394,0.8671868715308503,0.8009975062344141,0.9943890274314213,False,False,False,False,0,0.006912976103091,0.9351620947630924,0.9943890274314212,False
CRITICAL,T10_PRAGMA,语用改写,46,403,0.04606269502102837,0.14219240792510066,0.046076261701261716,-0.08826312576312575,0.571072319201995,0.5885286783042394,0.4713216957605985,0.3915211970074813,0.0006219994276191501,0.8973993587459921,0.9334303131061237,0.8760357171587161,0.9296203934607924,False,False,False,False,0,-0.0882631257631257,0.3915211970074813,0.9296203934607924,False
CRITICAL,T11_SUSTAIN,长程一致,20,429,-0.10078125,-0.21548771541294312,-0.10078125,-0.18125,0.4713216957605985,0.4713216957605985,0.4912718204488778,0.20448877805486285,0.21414762652000746,0.885286783042394,0.8671868715308503,0.8760357171587161,0.9296203934607924,False,False,False,False,0,-0.18125,0.2044887780548628,0.9296203934607924,False
MISLEADING,T1_RECALL,检索回忆,134,360,-0.03627112176127579,-0.12173750859951155,-0.03843334306217866,-0.08277825431575316,0.24937655860349128,0.22194513715710723,0.2543640897755611,0.11970074812967581,4.7678083146721535e-06,0.885286783042394,0.8671868715308503,0.8009975062344141,0.9296203934607924,False,False,False,False,0,-0.0827782543157531,0.1197007481296758,0.9296203934607924,False
MISLEADING,T2_CHAIN,链式推演,256,238,0.020334535340684197,0.06059549908627116,0.01766342564006004,0.0379643292369411,0.5311720698254364,0.6109725685785536,0.5910224438902744,0.486284289276808,2.652902094437449e-13,0.885286783042394,0.9334303131061237,0.8896677225854283,0.9552012825080157,False,False,False,False,0,0.0379643292369411,0.486284289276808,0.9552012825080156,False
MISLEADING,T3_PLAN,分解规划,41,453,-0.019726496479839067,-0.10809036980173793,-0.019802835271396004,-0.07733024393025477,0.773067331670823,0.7855361596009975,0.5261845386533666,0.3192019950124688,0.05916975583126573,0.9720264556001301,0.9854992149256488,0.8769742310889442,0.9296203934607924,False,False,False,False,0,-0.0773302439302547,0.3192019950124688,0.9296203934607924,False
MISLEADING,T4_CONSTRAINT,约束对齐,171,323,-0.07723312392635766,-0.26608298518738555,-0.07816175460182379,-0.10505613984939251,0.02493765586034913,0.022443890274314215,0.012468827930174564,0.022443890274314215,0.0076516511082204185,0.885286783042394,0.8671868715308503,0.6857855361596009,0.8229426433915212,False,False,False,False,0,-0.1050561398493925,0.0224438902743142,0.8229426433915212,False
MISLEADING,T5_INTEGRATE,信息整合,69,425,0.01433119178845375,0.013980350538953145,0.014297922498503566,0.08286990537720383,0.8129675810473815,0.8354114713216958,0.9476309226932669,0.22693266832917705,0.0007470237652391928,0.9720264556001301,0.9854992149256488,1.0,0.9296203934607924,False,False,False,False,0,0.0828699053772038,0.226932668329177,0.9296203934607924,False
MISLEADING,T6_VERIFY,校验纠错,45,449,0.06151585347548534,0.18504586051589905,0.06151585347548534,0.005828493119976691,0.3192019950124688,0.3192019950124688,0.2942643391521197,0.9650872817955112,3.841731767216136e-05,0.885286783042394,0.8671868715308503,0.8009975062344141,1.0,False,False,False,False,0,0.0058284931199766,0.9650872817955112,1.0,False
MISLEADING,T7_RESIST,抗扰判断,39,455,0.008703634785692535,0.05425739031285487,0.018379596025345602,-0.013629762690412798,0.8603491271820449,0.7556109725685786,0.713216957605985,0.9152119700748129,0.0010592382863614039,0.9950124688279302,0.9854992149256488,0.9567544553251018,0.9943890274314213,False,False,False,False,1,-0.0136297626904127,0.9152119700748128,0.9943890274314212,False
MISLEADING,T8_EXPLORE,探索发散,89,405,-0.012284780505829793,-0.041477773673322005,-0.008149324825430305,-0.06764026115240322,0.7855361596009975,0.8553615960099751,0.7680798004987531,0.24937655860349128,7.98670896109063e-05,0.9720264556001301,0.9854992149256488,0.9824276518007308,0.9296203934607924,False,False,False,False,0,-0.0676402611524032,0.2493765586034912,0.9296203934607924,False
MISLEADING,T9_REFRAME,换表征,34,460,0.08406437662340727,0.25800399713254946,0.08406437662340727,0.010577997901941564,0.1745635910224439,0.1745635910224439,0.1770573566084788,0.8778054862842892,5.113119234812776e-05,0.885286783042394,0.8671868715308503,0.8009975062344141,0.9943890274314213,False,False,False,False,0,0.0105779979019415,0.8778054862842892,0.9943890274314212,False
MISLEADING,T10_PRAGMA,语用改写,48,446,0.07494615006638222,0.23841405198455365,0.07293153179969099,0.14194157418038017,0.3117206982543641,0.33665835411471323,0.2119700748129676,0.08478802992518704,0.004568764314841369,0.885286783042394,0.8671868715308503,0.8009975062344141,0.8229426433915212,False,False,False,False,0,0.1419415741803801,0.084788029925187,0.8229426433915212,False
MISLEADING,T11_SUSTAIN,长程一致,20,474,-0.11294002607561929,-0.26360341005927546,-0.11294002607561929,-0.006518904823989563,0.42144638403990026,0.42144638403990026,0.42144638403990026,1.0,0.2870052051470516,0.885286783042394,0.8671868715308503,0.8585018934146116,1.0,False,False,False,False,0,-0.0065189048239895,1.0,1.0,False
HEURISTIC,T1_RECALL,检索回忆,136,466,-0.018907301013720044,-0.05701160873275401,-0.02209994923139956,-0.014031987693485747,0.5112219451371571,0.45885286783042395,0.5985037406483791,0.7855361596009975,6.388173515352946e-19,0.885286783042394,0.8671868715308503,0.8896677225854283,0.9943890274314213,False,False,False,False,0,-0.0140319876934857,0.7855361596009975,0.9943890274314212,False
HEURISTIC,T2_CHAIN,链式推演,364,238,0.03343512261731084,0.1233557533191232,0.035818148276198565,0.04212981552957414,0.2144638403990025,0.18952618453865336,0.22194513715710723,0.3541147132169576,6.410430373014321e-41,0.885286783042394,0.8671868715308503,0.8009975062344141,0.9296203934607924,False,False,False,False,0,0.0421298155295741,0.3541147132169576,0.9296203934607924,False
HEURISTIC,T3_PLAN,分解规划,44,558,0.1164825409962496,0.35966860693807184,0.11798305336632722,0.04167695599558027,0.04987531172069826,0.0399002493765586,0.03740648379052369,0.5935162094763092,1.0496970374941424e-13,0.885286783042394,0.8671868715308503,0.6857855361596009,0.9943890274314213,False,False,False,False,0,0.0416769559955802,0.5935162094763092,0.9943890274314212,False
HEURISTIC,T4_CONSTRAINT,约束对齐,187,415,-0.002760081986037189,-0.0005958477807104436,-0.0013960139553024975,-0.012608787786653386,0.9376558603491272,0.9650872817955112,1.0,0.7605985037406484,2.0502483100278208e-15,0.9950124688279302,0.9854992149256488,1.0,0.9943890274314213,False,False,False,False,0,-0.0126087877866533,0.7605985037406484,0.9943890274314212,False
HEURISTIC,T5_INTEGRATE,信息整合,65,537,0.050937753590393986,0.1507836950271226,0.05159583312171295,0.03989926216606395,0.3915211970074813,0.38403990024937656,0.3566084788029925,0.5860349127182045,8.297376973129671e-13,0.885286783042394,0.8671868715308503,0.8009975062344141,0.9943890274314213,False,False,False,False,0,0.0398992621660639,0.5860349127182045,0.9943890274314212,False
HEURISTIC,T6_VERIFY,校验纠错,48,554,-0.03551751683305141,-0.1778883160799296,-0.03551751683305141,-0.07671948768536746,0.486284289276808,0.486284289276808,0.2967581047381546,0.27680798004987534,1.0628979478612629e-07,0.885286783042394,0.8671868715308503,0.8009975062344141,0.9296203934607924,False,False,False,False,0,-0.0767194876853674,0.2768079800498753,0.9296203934607924,False
HEURISTIC,T7_RESIST,抗扰判断,38,564,0.01390063032941425,0.07998281732508955,-0.003218408644199886,-0.022621784770122378,0.8104738154613467,0.9625935162094763,0.685785536159601,0.830423940149626,3.49805279962167e-09,0.9720264556001301,0.9854992149256488,0.9429551122194514,0.9943890274314213,False,False,False,False,0,-0.0226217847701223,0.830423940149626,0.9943890274314212,False
HEURISTIC,T8_EXPLORE,探索发散,92,510,0.01627982345482665,0.08183118804997085,0.019079886716846437,-0.052914495732751546,0.6783042394014963,0.6059850374064838,0.4937655860349127,0.3566084788029925,8.763459321742768e-22,0.9671334484302065,0.9334303131061237,0.8760357171587161,0.9296203934607924,False,False,False,False,1,-0.0529144957327515,0.3566084788029925,0.9296203934607924,False
HEURISTIC,T9_REFRAME,换表征,37,565,-0.011619997196130242,-0.002087649412517539,-0.011619997196130242,-0.07927474140440667,0.8129675810473815,0.8129675810473815,0.9800498753117207,0.30673316708229426,0.0006193504427355333,0.9720264556001301,0.9854992149256488,1.0,0.9296203934607924,False,False,False,False,1,-0.0792747414044066,0.3067331670822942,0.9296203934607924,False
HEURISTIC,T10_PRAGMA,语用改写,52,550,0.08691560050255703,0.2520579143065493,0.08910101573145053,0.14851090938047462,0.23940149625935161,0.2344139650872818,0.20947630922693267,0.08977556109725686,9.82723850527806e-10,0.885286783042394,0.8671868715308503,0.8009975062344141,0.8229426433915212,False,False,False,False,0,0.1485109093804746,0.0897755610972568,0.8229426433915212,False
HEURISTIC,T11_SUSTAIN,长程一致,20,582,-0.0052083333333333565,0.03863500091294968,-0.0052083333333333565,-0.007518115942028981,0.9675810473815462,0.9675810473815462,0.9226932668329177,0.9376558603491272,0.00359038744524061,0.9950124688279302,0.9854992149256488,1.0,0.9943890274314213,False,False,False,False,0,-0.0075181159420289,0.9376558603491272,0.9943890274314212,False
