strategy,thinking_type,level,target,n_high,n_low,n_total,D_high,D_low,high_share,low_share
PRESSURE,L1-K,L1,K,27,18,45,107,142,25.233644859813083,12.67605633802817
PRESSURE,L1-R,L1,R,32,38,70,125,555,25.6,6.846846846846847
PRESSURE,L1-E,L1,E,13,12,25,40,139,32.5,8.633093525179856
PRESSURE,L1-F,L1,F,2,0,2,4,8,50.0,0.0
PRESSURE,L2-K,L2,K,26,22,48,105,176,24.761904761904763,12.5
PRESSURE,L2-R,L2,R,39,43,82,189,454,20.634920634920636,9.47136563876652
PRESSURE,L2-E,L2,E,14,17,31,61,109,22.950819672131146,15.596330275229358
PRESSURE,L2-F,L2,F,6,10,16,25,71,24.0,14.084507042253522
PRESSURE,L3-K,L3,K,13,9,22,58,54,22.413793103448278,16.666666666666668
PRESSURE,L3-R,L3,R,16,24,40,75,143,21.333333333333332,16.783216783216783
PRESSURE,L3-E,L3,E,11,11,22,47,82,23.404255319148938,13.414634146341463
PRESSURE,L3-F,L3,F,3,2,5,10,22,30.0,9.090909090909092
ENCOURAGE,L1-K,L1,K,23,31,54,107,142,21.49532710280374,21.830985915492956
ENCOURAGE,L1-R,L1,R,27,123,150,125,555,21.6,22.16216216216216
ENCOURAGE,L1-E,L1,E,8,32,40,40,139,20.0,23.02158273381295
ENCOURAGE,L1-F,L1,F,0,2,2,4,8,0.0,25.0
ENCOURAGE,L2-K,L2,K,19,41,60,105,176,18.095238095238095,23.295454545454547
ENCOURAGE,L2-R,L2,R,36,96,132,189,454,19.047619047619047,21.145374449339208
ENCOURAGE,L2-E,L2,E,12,17,29,61,109,19.672131147540984,15.596330275229358
ENCOURAGE,L2-F,L2,F,5,14,19,25,71,20.0,19.718309859154928
ENCOURAGE,L3-K,L3,K,9,14,23,58,54,15.517241379310345,25.925925925925927
ENCOURAGE,L3-R,L3,R,20,26,46,75,143,26.666666666666668,18.181818181818183
ENCOURAGE,L3-E,L3,E,8,19,27,47,82,17.02127659574468,23.170731707317074
ENCOURAGE,L3-F,L3,F,3,4,7,10,22,30.0,18.181818181818183
CRITICAL,L1-K,L1,K,27,24,51,107,142,25.233644859813083,16.901408450704224
CRITICAL,L1-R,L1,R,28,90,118,125,555,22.4,16.216216216216218
CRITICAL,L1-E,L1,E,7,27,34,40,139,17.5,19.424460431654676
CRITICAL,L1-F,L1,F,2,1,3,4,8,50.0,12.5
CRITICAL,L2-K,L2,K,24,29,53,105,176,22.857142857142858,16.477272727272727
CRITICAL,L2-R,L2,R,40,77,117,189,454,21.164021164021165,16.96035242290749
CRITICAL,L2-E,L2,E,14,23,37,61,109,22.950819672131146,21.10091743119266
CRITICAL,L2-F,L2,F,5,15,20,25,71,20.0,21.12676056338028
CRITICAL,L3-K,L3,K,14,6,20,58,54,24.137931034482758,11.11111111111111
CRITICAL,L3-R,L3,R,16,22,38,75,143,21.333333333333332,15.384615384615385
CRITICAL,L3-E,L3,E,13,14,27,47,82,27.659574468085108,17.073170731707318
CRITICAL,L3-F,L3,F,2,4,6,10,22,20.0,18.181818181818183
MISLEADING,L1-K,L1,K,17,33,50,107,142,15.88785046728972,23.239436619718308
MISLEADING,L1-R,L1,R,13,125,138,125,555,10.4,22.52252252252252
MISLEADING,L1-E,L1,E,4,37,41,40,139,10.0,26.618705035971225
MISLEADING,L1-F,L1,F,0,3,3,4,8,0.0,37.5
MISLEADING,L2-K,L2,K,16,47,63,105,176,15.238095238095237,26.704545454545453
MISLEADING,L2-R,L2,R,38,98,136,189,454,20.105820105820104,21.58590308370044
MISLEADING,L2-E,L2,E,7,30,37,61,109,11.475409836065573,27.522935779816514
MISLEADING,L2-F,L2,F,5,16,21,25,71,20.0,22.535211267605632
MISLEADING,L3-K,L3,K,11,11,22,58,54,18.96551724137931,20.37037037037037
MISLEADING,L3-R,L3,R,12,36,48,75,143,16.0,25.174825174825173
MISLEADING,L3-E,L3,E,8,16,24,47,82,17.02127659574468,19.51219512195122
MISLEADING,L3-F,L3,F,1,6,7,10,22,10.0,27.272727272727273
HEURISTIC,L1-K,L1,K,13,36,49,107,142,12.149532710280374,25.35211267605634
HEURISTIC,L1-R,L1,R,25,179,204,125,555,20.0,32.252252252252255
HEURISTIC,L1-E,L1,E,8,31,39,40,139,20.0,22.302158273381295
HEURISTIC,L1-F,L1,F,0,2,2,4,8,0.0,25.0
HEURISTIC,L2-K,L2,K,20,37,57,105,176,19.047619047619047,21.022727272727273
HEURISTIC,L2-R,L2,R,36,140,176,189,454,19.047619047619047,30.837004405286343
HEURISTIC,L2-E,L2,E,14,22,36,61,109,22.950819672131146,20.18348623853211
HEURISTIC,L2-F,L2,F,4,16,20,25,71,16.0,22.535211267605632
HEURISTIC,L3-K,L3,K,11,14,25,58,54,18.96551724137931,25.925925925925927
HEURISTIC,L3-R,L3,R,11,35,46,75,143,14.666666666666666,24.475524475524477
HEURISTIC,L3-E,L3,E,7,22,29,47,82,14.893617021276595,26.829268292682926
HEURISTIC,L3-F,L3,F,1,6,7,10,22,10.0,27.272727272727273
