strategy,thinking_type,high,low,p_high,p_low,delta,enrich_raw,enrich_adj,level,target,gain_nature
PRESSURE,L1-K,27,18,0.13366336633663367,0.08737864077669903,0.04628472555993464,0.5859554662319081,0.7032303732987153,L1,K,Offensive
PRESSURE,L1-R,32,38,0.15841584158415842,0.18446601941747573,-0.026050177833317312,-0.21339127978499195,0.029601666634856832,L1,R,Defensive
PRESSURE,L1-E,13,12,0.06435643564356436,0.05825242718446602,0.006104008459098337,0.13290891629410714,-0.041331319618578416,L1,E,Offensive
PRESSURE,L1-F,2,0,0.009900990099009901,0.0,0.009900990099009901,1.5754081940079072,0.45710576482125287,L1,F,Offensive
PRESSURE,L2-K,26,22,0.12871287128712872,0.10679611650485436,0.021916754782274353,0.2582682731475452,0.002683789178950968,L2,K,Offensive
PRESSURE,L2-R,39,43,0.19306930693069307,0.2087378640776699,-0.01566855714697682,-0.10983717115986759,0.2096846132466287,L2,R,Defensive
PRESSURE,L2-E,14,17,0.06930693069306931,0.0825242718446602,-0.013217341151590886,-0.23618637538022957,-1.0670620943492755,L2,E,Defensive
PRESSURE,L2-F,6,10,0.0297029702970297,0.04854368932038835,-0.018840719023358647,-0.6256573971493358,-0.2836298344355604,L2,F,Defensive
PRESSURE,L3-K,13,9,0.06435643564356436,0.043689320388349516,0.020667115255214842,0.5104243942500614,0.3226979813561628,L3,K,Offensive
PRESSURE,L3-R,16,24,0.07920792079207921,0.11650485436893204,-0.037296933576852834,-0.5289861055935231,-0.2454700801803241,L3,R,Defensive
PRESSURE,L3-E,11,11,0.054455445544554455,0.05339805825242718,0.0010573872921272737,0.02588855296098134,0.40160751183593507,L3,E,Offensive
PRESSURE,L3-F,3,2,0.01485148514851485,0.009708737864077669,0.005142747284437182,0.43257348741339313,0.06369907313033651,L3,F,Offensive
ENCOURAGE,L1-K,23,31,0.13529411764705881,0.07398568019093078,0.06130843745612803,0.8287914929860382,0.05572790322691652,L1,K,Offensive
ENCOURAGE,L1-R,27,123,0.1588235294117647,0.2935560859188544,-0.1347325565070897,-0.8658593964394983,-0.2227832299293432,L1,R,Defensive
ENCOURAGE,L1-E,8,32,0.047058823529411764,0.07637231503579953,-0.029313491506387762,-0.6443953270069945,-0.750757340306378,L1,E,Defensive
ENCOURAGE,L1-F,0,2,0.0,0.00477326968973747,-0.00477326968973747,-0.9669132079416568,-0.26298462879154566,L1,F,Defensive
ENCOURAGE,L2-K,19,41,0.11176470588235295,0.09785202863961814,0.013912677242734803,0.18303401133829003,-0.4373773014034453,L2,K,Offensive
ENCOURAGE,L2-R,36,96,0.21176470588235294,0.22911694510739858,-0.01735223922504564,-0.1110994858312213,0.24538112490407613,L2,R,Defensive
ENCOURAGE,L2-E,12,17,0.07058823529411765,0.0405727923627685,0.030015442931349147,0.7299889370203761,0.10376356027384949,L2,E,Offensive
ENCOURAGE,L2-F,5,14,0.029411764705882353,0.03341288782816229,-0.0040011231222799384,-0.1586885494452613,-0.3691808884787122,L2,F,Defensive
ENCOURAGE,L3-K,9,14,0.052941176470588235,0.03341288782816229,0.019528288642425944,0.5929985504277103,0.09578772918587712,L3,K,Offensive
ENCOURAGE,L3-R,20,26,0.11764705882352941,0.06205250596658711,0.0555945528569423,0.8711494809294742,0.08861965843314683,L3,R,Offensive
ENCOURAGE,L3-E,8,19,0.047058823529411764,0.045346062052505964,0.0017127614769057997,0.04826377031265864,-0.27492897118148313,L3,E,Offensive
ENCOURAGE,L3-F,3,4,0.01764705882352941,0.00954653937947494,0.00810051944405447,0.6386477225237015,0.146084401332562,L3,F,Offensive
CRITICAL,L1-K,27,24,0.140625,0.07228915662650602,0.06833584337349398,0.9139201209115225,0.23236570882480623,L1,K,Offensive
CRITICAL,L1-R,28,90,0.14583333333333334,0.2710843373493976,-0.12525100401606423,-0.8721537526653385,-0.2820317333368068,L1,R,Defensive
CRITICAL,L1-E,7,27,0.036458333333333336,0.08132530120481928,-0.04486696787148594,-1.0581213430927283,-1.0639781128046828,L1,E,Defensive
CRITICAL,L1-F,2,1,0.010416666666666666,0.0030120481927710845,0.007404618473895582,0.9442478607535285,0.09643038527802714,L1,F,Offensive
CRITICAL,L2-K,24,29,0.125,0.08734939759036145,0.03765060240963855,0.4933371678292394,-0.09657599879080814,L2,K,Offensive
CRITICAL,L2-R,40,77,0.20833333333333334,0.2319277108433735,-0.02359437751004015,-0.15133754031714208,0.11641905138927368,L2,R,Defensive
CRITICAL,L2-E,14,23,0.07291666666666667,0.06927710843373494,0.0036395582329317305,0.0690143061105662,-0.5713258815621407,L2,E,Offensive
CRITICAL,L2-F,5,15,0.026041666666666668,0.045180722891566265,-0.019139056224899597,-0.6929272342776174,-0.5404054979797506,L2,F,Defensive
CRITICAL,L3-K,14,6,0.07291666666666667,0.018072289156626505,0.05484437751004016,1.7557708085884485,0.6215850996733985,L3,K,Offensive
CRITICAL,L3-R,16,22,0.08333333333333333,0.06626506024096386,0.017068273092369468,0.30976302684917906,-0.0641216728170001,L3,R,Offensive
CRITICAL,L3-E,13,14,0.06770833333333333,0.04216867469879518,0.02553965863453815,0.6242916595443804,0.5882620799461075,L3,E,Offensive
CRITICAL,L3-F,2,4,0.010416666666666666,0.012048192771084338,-0.0016315261044176719,-0.14512794657716416,-0.2328936781656419,L3,F,Defensive
MISLEADING,L1-K,17,33,0.12878787878787878,0.07205240174672489,0.05673547704115389,0.7960355816072323,-0.2250692220413122,L1,K,Offensive
MISLEADING,L1-R,13,125,0.09848484848484848,0.27292576419213976,-0.17444091570729128,-1.4252800269833117,-0.7947642756455711,L1,R,Defensive
MISLEADING,L1-E,4,37,0.030303030303030304,0.08078602620087336,-0.05048299589784305,-1.280950639065916,-1.086767933076894,L1,E,Defensive
MISLEADING,L1-F,0,3,0.0,0.006550218340611353,-0.006550218340611353,-1.2079201240170818,-0.33611354370554186,L1,F,Defensive
MISLEADING,L2-K,16,47,0.12121212121212122,0.10262008733624454,0.01859203387587667,0.22990308843280743,-0.06327019245544069,L2,K,Offensive
MISLEADING,L2-R,38,98,0.2878787878787879,0.21397379912663755,0.07390498875215035,0.4195454506111668,0.7377066071359701,L2,R,Offensive
MISLEADING,L2-E,7,30,0.05303030303030303,0.06550218340611354,-0.012471880375810505,-0.2808614749505334,-0.9765459939620161,L2,E,Defensive
MISLEADING,L2-F,5,16,0.03787878787878788,0.034934497816593885,0.002944290062193995,0.10262855182165652,-0.2636094419205028,L2,F,Offensive
MISLEADING,L3-K,11,11,0.08333333333333333,0.024017467248908297,0.05931586608442503,1.6060363526628125,0.41428977397083766,L3,K,Offensive
MISLEADING,L3-R,12,36,0.09090909090909091,0.07860262008733625,0.012306470821754664,0.19811941331667113,-0.22294412152193505,L3,R,Offensive
MISLEADING,L3-E,8,16,0.06060606060606061,0.034934497816593885,0.025671562789466723,0.7161935237164992,0.49469599329968517,L3,E,Offensive
MISLEADING,L3-F,1,6,0.007575757575757576,0.013100436681222707,-0.005524679105465131,-0.525379191410335,-0.3161664676984878,L3,F,Defensive
HEURISTIC,L1-K,13,36,0.08666666666666667,0.06666666666666667,0.020000000000000004,0.3550949588225617,-0.564776499708935,L1,K,Offensive
HEURISTIC,L1-R,25,179,0.16666666666666666,0.3314814814814815,-0.16481481481481483,-0.9709171756085853,-0.0712116935391637,L1,R,Defensive
HEURISTIC,L1-E,8,31,0.05333333333333334,0.05740740740740741,-0.00407407407407407,-0.09739676279457953,-0.32306993849648236,L1,E,Defensive
HEURISTIC,L1-F,0,2,0.0,0.003703703703703704,-0.003703703703703704,-0.7997013495141687,-0.22293673998319244,L1,F,Defensive
HEURISTIC,L2-K,20,37,0.13333333333333333,0.06851851851851852,0.06481481481481481,0.9119692356462792,0.06994085624920439,L2,K,Offensive
HEURISTIC,L2-R,36,140,0.24,0.25925925925925924,-0.019259259259259254,-0.10917227319708675,0.5478645817233432,L2,R,Defensive
HEURISTIC,L2-E,14,22,0.09333333333333334,0.040740740740740744,0.052592592592592594,1.104200819219476,0.11466636535059449,L2,E,Offensive
HEURISTIC,L2-F,4,16,0.02666666666666667,0.02962962962962963,-0.0029629629629629624,-0.12904194500173866,-0.28184844036554035,L2,F,Defensive
HEURISTIC,L3-K,11,14,0.07333333333333333,0.025925925925925925,0.04740740740740741,1.3408095606458976,0.06918878891917828,L3,K,Offensive
HEURISTIC,L3-R,11,35,0.07333333333333333,0.06481481481481481,0.008518518518518522,0.16609313985128543,-0.43358238259114645,L3,R,Offensive
HEURISTIC,L3-E,7,22,0.04666666666666667,0.040740740740740744,0.005925925925925925,0.17575408024450978,-0.3326977911124524,L3,E,Offensive
HEURISTIC,L3-F,1,6,0.006666666666666667,0.011111111111111112,-0.0044444444444444444,-0.46566357234881184,-0.4118984523052217,L3,F,Defensive
