strategy,thinking_type,level,target,type_en,type_zh,n,n_band,n_families,coverage,fallback,raw,std,std_fam,resid_lin,gain_rate,sat_share,plain_mean,thin,nature,raw_rel,raw_mad,std_rel,std_mad,std_fam_rel,std_fam_mad,resid_lin_rel,resid_lin_mad
PRESSURE,L1-K,L1,K,Knowledge Retrieval,知识提取,45,41,5,1.0,False,3.7962962962962967,6.644373726214394,5.774087127201275,3.353530357262466,0.6,0.0,66.2037037037037,False,Offensive,0.6494640505477198,4.132457234838787,6.847478904922919,4.116965928798693,6.3343487262956,5.083606926749527,-0.8769641901702041,7.9304693660148855
PRESSURE,L1-R,L1,R,Direct Computation,直接求解,70,54,4,1.0,False,0.6150793650793659,-2.9539913478887545,0.21130899265205993,2.3951655765658035,0.45714285714285713,0.08571428571428572,68.82936507936508,False,Defensive,-2.531752880669211,4.132457234838787,-2.7508861691802293,4.116965928798693,0.7715705917463848,5.083606926749527,-1.8353289708668665,7.9304693660148855
PRESSURE,L1-E,L1,E,Content Generation,内容生成,25,19,5,0.838792221084954,False,4.638888888888888,-1.225827909972207,-2.1484089590912867,8.63286865280785,0.52,0.16,71.44444444444444,False,Offensive,1.4920566431403115,4.132457234838787,-1.0227227312636815,4.116965928798693,-1.5881473599969618,5.083606926749527,4.402374105375181,7.9304693660148855
PRESSURE,L1-F,L1,F,Format Transformation,格式转换,2,1,1,0.7308085977482088,False,3.1249999999999947,2.08333333333333,2.08333333333333,26.002584708112018,1.0,0.0,93.75,True,Offensive,-0.021832245748582224,4.132457234838787,2.286438512041855,4.116965928798693,2.643594932427655,5.083606926749527,21.772090160679348,7.9304693660148855
PRESSURE,L2-K,L2,K,Knowledge Synthesis,知识整合,48,45,5,0.838792221084954,False,1.8373842592592586,0.5158961938917739,-1.9710528099789841,10.347967229397502,0.5416666666666666,0.020833333333333332,76.77951388888889,False,Offensive,-1.3094479864893183,4.132457234838787,0.7190013726002992,4.116965928798693,-1.4107912108846592,5.083606926749527,6.117472681964832,7.9304693660148855
PRESSURE,L2-R,L2,R,Multi-Step Derivation,多步推理,82,56,5,1.0,False,-1.3888888888888875,-10.333520148190999,-12.725814038072574,-15.21253649151871,0.47560975609756095,0.13414634146341464,50.3980352303523,False,Defensive,-4.535721134637464,4.132457234838787,-10.130414969482473,4.116965928798693,-12.16555243897825,5.083606926749527,-19.443031038951382,7.9304693660148855
PRESSURE,L2-E,L2,E,Discourse Organization,篇章组织,31,27,5,0.9319344933469806,False,8.400537634408602,1.0290820062236858,-4.9630690113024265,7.173894362697604,0.45161290322580644,0.03225806451612903,65.27777777777779,False,Defensive,5.253705388660025,4.132457234838787,1.2321871849322112,4.116965928798693,-4.402807412208102,5.083606926749527,2.943399815264934,7.9304693660148855
PRESSURE,L2-F,L2,F,Structured Output,结构化输出,16,16,3,0.9319344933469806,False,-9.982638888888886,-11.000876881574298,-7.875674493622628,-8.49020766287595,0.375,0.0,68.48958333333334,False,Defensive,-13.129471134637463,4.132457234838787,-10.797771702865772,4.116965928798693,-7.315412894528303,5.083606926749527,-12.72070221030862,7.9304693660148855
PRESSURE,L3-K,L3,K,Factual Verification,事实验证,22,22,4,1.0,False,7.859848484848484,1.9059905606732643,2.164924835032183,-3.8956925962308913,0.5909090909090909,0.0,52.84090909090909,False,Offensive,4.7130162390999075,4.132457234838787,2.1090957393817895,4.116965928798693,2.725186434126508,5.083606926749527,-8.12618714366356,7.9304693660148855
PRESSURE,L3-R,L3,R,Process Control,过程控制,40,38,4,1.0,False,-0.03472222222222143,0.5155813652273906,-4.17919184299521,-0.350108094696011,0.4,0.025,66.35416666666667,False,Defensive,-3.1815544679707983,4.132457234838787,0.7186865439359159,4.116965928798693,-3.618930243900885,5.083606926749527,-4.580602642128681,7.9304693660148855
PRESSURE,L3-E,L3,E,Style & Persona Fidelity,风格保持,22,19,5,1.0,False,3.061868686868689,2.3392186966905504,16.87018579365439,4.320472867622812,0.5,0.13636363636363635,68.21338383838385,False,Offensive,-0.08496355887988782,4.132457234838787,2.5423238753990756,4.116965928798693,17.430447392748714,5.083606926749527,0.08997832019014229,7.9304693660148855
PRESSURE,L3-F,L3,F,Constraint Check & Repair,约束校验修复,5,5,4,0.8239508700102355,False,15.833333333333337,8.043478260869566,0.03623188405797384,16.487995660047545,0.6,0.0,67.5,True,Offensive,12.68650108758476,4.132457234838787,8.246583439578092,4.116965928798693,0.5964934831522987,5.083606926749527,12.257501112614875,7.9304693660148855
CRITICAL,L1-K,L1,K,Knowledge Retrieval,知识提取,51,47,5,1.0,False,-2.096949891067538,-0.9699921102012965,-1.0461182183960704,12.52553054859981,0.5294117647058824,0.0,67.19771241830065,False,Offensive,10.38358032331852,12.34525787294987,7.508986444185457,7.980147154494539,10.314349117128774,8.248244639102184,3.5043740330912385,10.069716710950463
CRITICAL,L1-R,L1,R,Direct Computation,直接求解,118,66,4,1.0,False,-48.10499058380413,-15.357572049437252,-13.895856494755318,-12.320543297252321,0.23728813559322035,0.4067796610169492,84.375,False,Defensive,-35.624460369418074,12.34525787294987,-6.878593495050499,7.980147154494539,-2.5353891592304727,8.248244639102184,-21.341699812760893,10.069716710950463
CRITICAL,L1-E,L1,E,Content Generation,内容生成,34,27,5,0.838792221084954,False,-22.46732026143791,-21.063968949783803,-22.82518981763948,1.5660705239307429,0.20588235294117646,0.14705882352941177,74.83660130718953,False,Defensive,-9.98679004705185,12.34525787294987,-12.58499039539705,7.980147154494539,-11.464722482114635,8.248244639102184,-7.455085991577829,10.069716710950463
CRITICAL,L1-F,L1,F,Format Transformation,格式转换,3,2,2,0.7308085977482088,False,-20.83333333333334,-32.29166666666667,-32.29166666666667,23.93425564684245,0.6666666666666666,0.0,91.66666666666667,True,Offensive,-8.35280311894728,12.34525787294987,-23.81268811227992,7.980147154494539,-20.931199331141826,8.248244639102184,14.913099131333876,10.069716710950463
CRITICAL,L2-K,L2,K,Knowledge Synthesis,知识整合,53,50,5,0.838792221084954,False,-6.276205450733752,-8.24247729704397,-11.61761067046302,19.927838250614435,0.4528301886792453,0.018867924528301886,76.59853249475891,False,Defensive,6.204324763652307,12.34525787294987,0.23650125734278227,7.980147154494539,-0.2571433349381742,8.248244639102184,10.906681735105863,10.069716710950463
CRITICAL,L2-R,L2,R,Multi-Step Derivation,多步推理,117,58,5,1.0,False,-30.519943019943025,-11.419556546603626,-19.2354558810782,-17.948343357655986,0.3418803418803419,0.37606837606837606,65.53300094966762,False,Defensive,-18.039412805556964,12.34525787294987,-2.9405779922168733,7.980147154494539,-7.874988545553354,8.248244639102184,-26.96949987316456,10.069716710950463
CRITICAL,L2-E,L2,E,Discourse Organization,篇章组织,37,30,5,1.0,False,-3.4346846846846852,-5.489088714342934,-9.577274855747683,12.498984882494739,0.3783783783783784,0.10810810810810811,68.26201201201201,False,Defensive,9.045845529701374,12.34525787294987,2.989889840043819,7.980147154494539,1.7831924797771617,8.248244639102184,3.4778283669861665,10.069716710950463
CRITICAL,L2-F,L2,F,Structured Output,结构化输出,20,20,4,1.0,False,-14.54861111111111,-10.143011486409643,-17.78649231715949,4.937850531294373,0.25,0.0,71.14583333333334,False,Defensive,-2.0680808967250517,12.34525787294987,-1.6640329320228897,7.980147154494539,-6.426024981634644,8.248244639102184,-4.083305984214199,10.069716710950463
CRITICAL,L3-K,L3,K,Factual Verification,事实验证,20,20,4,1.0,False,9.375,-0.6556173945183676,-8.345228054099094,10.895178255157544,0.7,0.0,56.5625,False,Offensive,21.855530214386057,12.34525787294987,7.823361159868385,7.980147154494539,3.0152392814257514,8.248244639102184,1.8740217396489722,10.069716710950463
CRITICAL,L3-R,L3,R,Process Control,过程控制,38,36,5,1.0,False,-5.921052631578948,-3.1383471069158544,-9.938423778993648,8.452447911523267,0.42105263157894735,0.02631578947368421,66.99561403508771,False,Defensive,6.559477582807111,12.34525787294987,5.340631447470899,7.980147154494539,1.4220435565311966,8.248244639102184,-0.5687086039853053,10.069716710950463
CRITICAL,L3-E,L3,E,Style & Persona Fidelity,风格保持,27,25,5,1.0,False,2.0061728395061724,5.356889002615716,8.150375395367195,17.65380691160286,0.48148148148148145,0.07407407407407407,68.0298353909465,False,Defensive,14.486703053892231,12.34525787294987,13.83586755700247,7.980147154494539,19.51084273089204,8.248244639102184,8.632650396094288,10.069716710950463
CRITICAL,L3-F,L3,F,Constraint Check & Repair,约束校验修复,6,5,4,0.7308085977482088,False,-6.944444444444443,1.6666666666666679,2.083333333333336,26.130801378950945,0.3333333333333333,0.16666666666666666,82.17592592592591,True,Defensive,5.536085769941616,12.34525787294987,10.145645221053421,7.980147154494539,13.44380066885818,8.248244639102184,17.109644863442373,10.069716710950463
ENCOURAGE,L1-K,L1,K,Knowledge Retrieval,知识提取,54,50,5,1.0,False,-7.407407407407409,-5.056948032255096,-4.956279966628307,13.282630682711586,0.42592592592592593,0.0,68.04269547325102,False,Defensive,15.695873990930409,17.985198163493884,11.609769917880186,11.725040540961524,12.615564789454782,11.722544278236976,8.842462979527028,12.638496497618176
ENCOURAGE,L1-R,L1,R,Direct Computation,直接求解,150,61,4,1.0,False,-55.31018518518518,-10.204787863702332,-8.13089395414104,-11.709502407710069,0.18,0.5466666666666666,86.93518518518519,False,Defensive,-32.20690378684736,17.985198163493884,6.46193008643295,11.725040540961524,9.440950801942048,11.722544278236976,-16.149670110894625,12.638496497618176
ENCOURAGE,L1-E,L1,E,Content Generation,内容生成,40,33,5,0.838792221084954,False,-16.180555555555554,-14.701030643159198,-11.872683029518067,12.904396382144109,0.2,0.125,74.96527777777779,False,Defensive,6.922725842782263,17.985198163493884,1.9656873069760845,11.725040540961524,5.699161726565022,11.722544278236976,8.46422867895955,12.638496497618176
ENCOURAGE,L1-F,L1,F,Format Transformation,格式转换,2,2,2,0.7308085977482088,False,-77.08333333333333,-77.08333333333333,-77.08333333333333,-30.271280205693238,0.0,0.0,89.58333333333333,True,Defensive,-53.980051934995515,17.985198163493884,-60.41661538319805,11.725040540961524,-59.51148857725024,11.722544278236976,-34.711447908877794,12.638496497618176
ENCOURAGE,L2-K,L2,K,Knowledge Synthesis,知识整合,60,55,5,0.838792221084954,False,-9.791666666666666,-11.461828859060402,-16.409600705706826,22.100427185512874,0.31666666666666665,0.03333333333333333,77.2800925925926,False,Defensive,13.31161473167115,17.985198163493884,5.204889091074881,11.725040540961524,1.1622440503762625,11.722544278236976,17.660259482328314,12.638496497618176
ENCOURAGE,L2-R,L2,R,Multi-Step Derivation,多步推理,132,61,5,1.0,False,-42.43476430976432,-12.996812489732994,-14.96754189230422,-18.437119105260688,0.2727272727272727,0.44696969696969696,70.77020202020203,False,Defensive,-19.3314829114265,17.985198163493884,3.6699054604022887,11.725040540961524,2.6043028637788677,11.722544278236976,-22.87728680844525,12.638496497618176
ENCOURAGE,L2-E,L2,E,Discourse Organization,篇章组织,29,26,5,1.0,False,-1.1494252873563218,-4.186615624270502,-7.176046840187856,18.56886846570039,0.41379310344827586,0.034482758620689655,67.24137931034484,False,Defensive,21.953856110981494,17.985198163493884,12.480102325864781,11.725040540961524,10.395797915895233,11.722544278236976,14.128700762515832,12.638496497618176
ENCOURAGE,L2-F,L2,F,Structured Output,结构化输出,19,19,3,1.0,False,-19.298245614035086,-17.68836005913795,-20.82857771544891,5.839717047594573,0.2631578947368421,0.0,71.71052631578948,False,Defensive,3.8050357843027314,17.985198163493884,-1.0216421090026664,11.725040540961524,-3.25673295936582,11.722544278236976,1.3995493444100147,12.638496497618176
ENCOURAGE,L3-K,L3,K,Factual Verification,事实验证,23,23,4,1.0,False,-7.336956521739129,-13.062094848174686,-11.970891533330061,2.347593545693174,0.391304347826087,0.0,58.96739130434783,False,Defensive,15.766324876598688,17.985198163493884,3.6046231019605965,11.725040540961524,5.600953222753027,11.722544278236976,-2.0925741574913843,12.638496497618176
ENCOURAGE,L3-R,L3,R,Process Control,过程控制,46,42,5,1.0,False,-5.102657004830918,-4.908587093961595,-10.679628499752647,11.007807053791193,0.43478260869565216,0.021739130434782608,64.26630434782608,False,Defensive,18.0006243935069,17.985198163493884,11.758130856173688,11.725040540961524,6.892216256330441,11.722544278236976,6.567639350606635,12.638496497618176
ENCOURAGE,L3-E,L3,E,Style & Persona Fidelity,风格保持,27,22,3,1.0,False,-10.648148148148149,-3.071512851131585,-1.64777071375691,14.392959909414664,0.2962962962962963,0.18518518518518517,71.63065843621399,False,Defensive,12.455133250189668,17.985198163493884,13.595205099003698,11.725040540961524,15.924074042326179,11.722544278236976,9.952792206230106,12.638496497618176
ENCOURAGE,L3-F,L3,F,Constraint Check & Repair,约束校验修复,7,6,5,0.7308085977482088,False,-25.496031746031747,-25.578703703703702,-25.138888888888893,13.255513884316128,0.42857142857142855,0.14285714285714285,82.93650793650795,True,Defensive,-2.39275034769393,17.985198163493884,-8.91198575356842,11.725040540961524,-7.567044132805805,11.722544278236976,8.81534618113157,12.638496497618176
MISLEADING,L1-K,L1,K,Knowledge Retrieval,知识提取,50,46,5,1.0,False,-10.763888888888888,-9.639836043207332,-16.136712555634368,14.30485493395574,0.34,0.0,67.56944444444446,False,Defensive,16.848217154130793,16.047784894267476,15.499259263044657,14.524539423833005,10.058698153467155,14.519910259079952,9.83763694217896,8.733608561163875
MISLEADING,L1-R,L1,R,Direct Computation,直接求解,138,70,4,1.0,False,-59.51086956521739,-24.43283903434917,-25.071861997021692,-11.088988512259116,0.09420289855072464,0.463768115942029,86.93136070853463,False,Defensive,-31.89876352219771,16.047784894267476,0.70625627190282,14.524539423833005,1.123548712079831,14.519910259079952,-15.556206504035895,8.733608561163875
MISLEADING,L1-E,L1,E,Content Generation,内容生成,41,34,5,0.838792221084954,False,-36.703929539295395,-35.596929869161414,-34.16634182993243,-2.080466810345639,0.0975609756097561,0.12195121951219512,75.49119241192413,False,Defensive,-9.091823496275715,16.047784894267476,-10.457834562909426,14.524539423833005,-7.970931120830905,14.519910259079952,-6.5476848021224185,8.733608561163875
MISLEADING,L1-F,L1,F,Format Transformation,格式转换,3,2,2,0.7308085977482088,False,-52.77777777777777,-77.08333333333333,-77.08333333333333,1.355534331822798,0.0,0.0,91.66666666666667,True,Defensive,-25.165671734758092,16.047784894267476,-51.94423802708134,14.524539423833005,-50.887922624231805,14.519910259079952,-3.1116836599539814,8.733608561163875
MISLEADING,L2-K,L2,K,Knowledge Synthesis,知识整合,63,58,5,0.838792221084954,False,-24.27248677248677,-21.113160278810067,-24.686300620605078,15.847717531322315,0.25396825396825395,0.047619047619047616,80.04850088183422,False,Defensive,3.3396192705329106,16.047784894267476,4.025935027441921,14.524539423833005,1.5091100884964455,14.519910259079952,11.380499539545536,8.733608561163875
MISLEADING,L2-R,L2,R,Multi-Step Derivation,多步推理,136,65,5,1.0,False,-37.239583333333336,-15.25221514724792,-17.513446991814373,-12.064908298729888,0.27941176470588236,0.39705882352941174,67.65727124183007,False,Defensive,-9.627477290313657,16.047784894267476,9.886880159004068,14.524539423833005,8.68196371728715,14.519910259079952,-16.532126290506667,8.733608561163875
MISLEADING,L2-E,L2,E,Discourse Organization,篇章组织,37,30,5,1.0,False,-14.789789789789792,-17.350626919140225,-17.559862195904763,12.200896433199386,0.1891891891891892,0.10810810810810811,69.16291291291292,False,Defensive,12.822316253229888,16.047784894267476,7.788468387111763,14.524539423833005,8.63554851319676,14.519910259079952,7.733678441422606,8.733608561163875
MISLEADING,L2-F,L2,F,Structured Output,结构化输出,21,21,4,1.0,False,-19.378306878306876,-18.537413757155313,-21.67202597405571,11.023129108582307,0.23809523809523808,0.0,71.99074074074075,False,Defensive,8.233799164712803,16.047784894267476,6.601681549096675,14.524539423833005,4.523384735045813,14.519910259079952,6.555911116805527,8.733608561163875
MISLEADING,L3-K,L3,K,Factual Verification,事实验证,22,22,4,1.0,False,1.8939393939393943,-11.086677612873878,-6.5170332443094985,7.7132127874104235,0.5,0.0,51.60984848484849,False,Offensive,29.506045436959074,16.047784894267476,14.05241769337811,14.524539423833005,19.678377464792025,14.519910259079952,3.245994795633644,8.733608561163875
MISLEADING,L3-R,L3,R,Process Control,过程控制,48,44,5,1.0,False,-15.769675925925924,-13.495702073619166,-17.106237843712158,7.808845675683737,0.25,0.020833333333333332,66.33391203703704,False,Defensive,11.842430117093755,16.047784894267476,11.643393232632823,14.524539423833005,9.089172865389365,14.519910259079952,3.3416276839069576,8.733608561163875
MISLEADING,L3-E,L3,E,Style & Persona Fidelity,风格保持,24,19,5,1.0,False,-13.91782407407407,-8.196150346866824,-2.3757534043763533,14.773520839266794,0.3333333333333333,0.20833333333333334,70.57291666666667,False,Defensive,13.694281968945608,16.047784894267476,16.942944959385166,14.524539423833005,23.81965730472517,14.519910259079952,10.306302847490015,8.733608561163875
MISLEADING,L3-F,L3,F,Constraint Check & Repair,约束校验修复,7,6,4,0.7308085977482088,False,-48.11507936507936,-49.88425925925926,-54.45601851851852,-6.186732118587502,0.14285714285714285,0.14285714285714285,81.54761904761905,True,Defensive,-20.50297332205968,16.047784894267476,-24.74516395300727,14.524539423833005,-28.260607809416996,14.519910259079952,-10.653950110364281,8.733608561163875
HEURISTIC,L1-K,L1,K,Knowledge Retrieval,知识提取,49,46,5,1.0,False,-14.186507936507937,-15.498972766117086,-20.481301106680455,13.064864580321775,0.2653061224489796,0.0,67.80045351473923,False,Defensive,10.158716726849466,13.983975752585787,2.8109280312533205,8.85681943202654,-2.7735026988201597,7.6967993383609965,1.6607855300509922,11.12462215605784
HEURISTIC,L1-R,L1,R,Direct Computation,直接求解,204,68,4,1.0,False,-68.51171023965142,-14.809436483566472,-14.239130542494586,-10.262029780597203,0.12254901960784313,0.6372549019607843,90.7986111111111,False,Defensive,-44.16648557629402,13.983975752585787,3.500464313803935,8.85681943202654,3.4686678653657097,7.6967993383609965,-21.666108830867984,11.12462215605784
HEURISTIC,L1-E,L1,E,Content Generation,内容生成,39,32,5,0.838792221084954,False,-23.842592592592585,-20.032540166768353,-11.014363432987594,14.000777668658074,0.20512820512820512,0.1282051282051282,75.6588319088319,False,Defensive,0.5026320707648182,13.983975752585787,-1.722639369397946,8.85681943202654,6.693434974872702,7.6967993383609965,2.5966986183872915,11.12462215605784
HEURISTIC,L1-F,L1,F,Format Transformation,格式转换,2,1,1,0.7308085977482088,False,-27.08333333333333,-52.08333333333333,-52.08333333333333,35.14440759650705,0.0,0.0,93.75,True,Defensive,-2.738108669975926,13.983975752585787,-33.773432535962925,8.85681943202654,-34.37553492547303,7.6967993383609965,23.74032854623627,11.12462215605784
HEURISTIC,L2-K,L2,K,Knowledge Synthesis,知识整合,57,52,5,0.838792221084954,False,-15.143762183235868,-15.099400040675205,-17.787820093494286,25.06301242534858,0.3508771929824561,0.03508771929824561,77.41228070175438,False,Defensive,9.201462480121535,13.983975752585787,3.210500756695202,8.85681943202654,-0.08002168563399081,7.6967993383609965,13.6589333750778,11.12462215605784
HEURISTIC,L2-R,L2,R,Multi-Step Derivation,多步推理,176,61,5,1.0,False,-56.55776515151515,-11.745291187668062,-13.50070975619369,-14.964883348212636,0.20454545454545456,0.5852272727272727,78.44065656565657,False,Defensive,-32.21254048815774,13.983975752585787,6.5646096097023445,8.85681943202654,4.207088651666606,7.6967993383609965,-26.36896239848342,11.12462215605784
HEURISTIC,L2-E,L2,E,Discourse Organization,篇章组织,36,31,5,0.9319344933469806,False,-3.1250000000000004,-4.225700164744645,-7.394298457078328,24.314212106886846,0.3888888888888889,0.05555555555555555,67.93981481481482,False,Defensive,21.220224663357403,13.983975752585787,14.084200632625762,8.85681943202654,10.313499950781967,7.6967993383609965,12.910133056616063,11.12462215605784
HEURISTIC,L2-F,L2,F,Structured Output,结构化输出,20,20,4,0.9068577277379735,False,-29.13194444444445,-29.464379023493013,-19.255650236744103,6.278988841155068,0.2,0.0,73.85416666666667,False,Defensive,-4.786719781087047,13.983975752585787,-11.154478226122606,8.85681943202654,-1.5478518288838075,7.6967993383609965,-5.125090209115714,11.12462215605784
HEURISTIC,L3-K,L3,K,Factual Verification,事实验证,25,25,4,1.0,False,-12.666666666666668,-24.800267258046173,-25.111683299215287,-1.2083374863419745,0.44,0.0,56.08333333333333,False,Defensive,11.678557996690735,13.983975752585787,-6.490366460675766,8.85681943202654,-7.403884891354991,7.6967993383609965,-12.612416536612757,11.12462215605784
HEURISTIC,L3-R,L3,R,Process Control,过程控制,46,42,5,1.0,False,-12.364130434782606,-12.34719142120626,-13.530796107530705,10.4289240890036,0.2391304347826087,0.021739130434782608,64.49275362318839,False,Defensive,11.981094228574797,13.983975752585787,5.962709376164147,8.85681943202654,4.17700230032959,7.6967993383609965,-0.975154961267183,11.12462215605784
HEURISTIC,L3-E,L3,E,Style & Persona Fidelity,风格保持,29,24,5,1.0,False,-15.5411877394636,-7.481862940217599,-10.177827861904518,15.765807299803575,0.2413793103448276,0.1724137931034483,70.8093869731801,False,Defensive,8.804036923893802,13.983975752585787,10.828037857152808,8.85681943202654,7.529970545955777,7.6967993383609965,4.361728249532792,11.12462215605784
HEURISTIC,L3-F,L3,F,Constraint Check & Repair,约束校验修复,7,6,5,0.8239508700102355,False,-13.988095238095237,-12.130434782608694,-7.916666666666664,19.223204610716635,0.14285714285714285,0.14285714285714285,72.22222222222221,True,Defensive,10.357129425262166,13.983975752585787,6.179466014761713,8.85681943202654,9.791131741193631,7.6967993383609965,7.819125560445853,11.12462215605784
