strategy,thinking_type,level,target,type_en,type_zh,n,n_families,single_family,gain_rate,nature,lodo_range,thin,value
PRESSURE,L1-K,L1,K,Knowledge Retrieval,知识提取,45,5,False,0.6,Offensive,5.906490543110868,False,3.353530357262466
PRESSURE,L1-R,L1,R,Direct Computation,直接求解,70,5,False,0.45714285714285713,Defensive,3.1564671813147607,False,2.3951655765658035
PRESSURE,L1-E,L1,E,Content Generation,内容生成,25,5,False,0.52,Offensive,12.608764585640152,False,8.63286865280785
PRESSURE,L1-F,L1,F,Format Transformation,格式转换,2,2,False,1.0,Offensive,5.610781330380622,True,26.002584708112018
PRESSURE,L2-K,L2,K,Knowledge Synthesis,知识整合,48,5,False,0.5416666666666666,Offensive,3.4847702394134235,False,10.347967229397502
PRESSURE,L2-R,L2,R,Multi-Step Derivation,多步推理,82,6,False,0.47560975609756095,Defensive,7.411679025795882,False,-15.21253649151871
PRESSURE,L2-E,L2,E,Discourse Organization,篇章组织,31,5,False,0.45161290322580644,Defensive,4.218018965754613,False,7.173894362697604
PRESSURE,L2-F,L2,F,Structured Output,结构化输出,16,3,False,0.375,Defensive,16.50168950136711,False,-8.49020766287595
PRESSURE,L3-K,L3,K,Factual Verification,事实验证,22,4,False,0.5909090909090909,Offensive,6.541538418604804,False,-3.8956925962308913
PRESSURE,L3-R,L3,R,Process Control,过程控制,40,4,False,0.4,Defensive,2.268260914517854,False,-0.350108094696011
PRESSURE,L3-E,L3,E,Style & Persona Fidelity,风格保持,22,5,False,0.5,Offensive,7.602929988927273,False,4.320472867622812
PRESSURE,L3-F,L3,F,Constraint Check & Repair,约束校验修复,5,4,False,0.6,Offensive,15.060789783191112,True,16.487995660047545
CRITICAL,L1-K,L1,K,Knowledge Retrieval,知识提取,51,5,False,0.5294117647058824,Offensive,10.88978743771348,False,12.52553054859981
CRITICAL,L1-R,L1,R,Direct Computation,直接求解,118,5,False,0.23728813559322035,Defensive,15.92832439299483,False,-12.320543297252321
CRITICAL,L1-E,L1,E,Content Generation,内容生成,34,5,False,0.20588235294117646,Defensive,15.741741953695348,False,1.5660705239307429
CRITICAL,L1-F,L1,F,Format Transformation,格式转换,3,2,False,0.6666666666666666,Offensive,71.87500000000001,True,23.93425564684245
CRITICAL,L2-K,L2,K,Knowledge Synthesis,知识整合,53,5,False,0.4528301886792453,Defensive,7.961079369761629,False,19.927838250614435
CRITICAL,L2-R,L2,R,Multi-Step Derivation,多步推理,117,6,False,0.3418803418803419,Defensive,9.77565522035409,False,-17.948343357655986
CRITICAL,L2-E,L2,E,Discourse Organization,篇章组织,37,5,False,0.3783783783783784,Defensive,5.091591379637983,False,12.498984882494739
CRITICAL,L2-F,L2,F,Structured Output,结构化输出,20,4,False,0.25,Defensive,5.4226539819465644,False,4.937850531294373
CRITICAL,L3-K,L3,K,Factual Verification,事实验证,20,4,False,0.7,Offensive,4.4875368592860045,False,10.895178255157544
CRITICAL,L3-R,L3,R,Process Control,过程控制,38,5,False,0.42105263157894735,Defensive,7.890051123532824,False,8.452447911523267
CRITICAL,L3-E,L3,E,Style & Persona Fidelity,风格保持,27,5,False,0.48148148148148145,Defensive,14.641276542972602,False,17.65380691160286
CRITICAL,L3-F,L3,F,Constraint Check & Repair,约束校验修复,6,4,False,0.3333333333333333,Defensive,2.9998174859910804,True,26.130801378950945
ENCOURAGE,L1-K,L1,K,Knowledge Retrieval,知识提取,54,5,False,0.42592592592592593,Defensive,15.866029170161246,False,13.282630682711586
ENCOURAGE,L1-R,L1,R,Direct Computation,直接求解,150,5,False,0.18,Defensive,18.360518429258015,False,-11.709502407710069
ENCOURAGE,L1-E,L1,E,Content Generation,内容生成,40,5,False,0.2,Defensive,7.952747414925366,False,12.904396382144109
ENCOURAGE,L1-F,L1,F,Format Transformation,格式转换,2,2,False,0.0,Defensive,25.886188779397102,True,-30.271280205693238
ENCOURAGE,L2-K,L2,K,Knowledge Synthesis,知识整合,60,5,False,0.31666666666666665,Defensive,5.047700172114707,False,22.100427185512874
ENCOURAGE,L2-R,L2,R,Multi-Step Derivation,多步推理,132,6,False,0.2727272727272727,Defensive,8.46015602557139,False,-18.437119105260688
ENCOURAGE,L2-E,L2,E,Discourse Organization,篇章组织,29,5,False,0.41379310344827586,Defensive,4.675444307579731,False,18.56886846570039
ENCOURAGE,L2-F,L2,F,Structured Output,结构化输出,19,3,False,0.2631578947368421,Defensive,12.239277346888457,False,5.839717047594573
ENCOURAGE,L3-K,L3,K,Factual Verification,事实验证,23,4,False,0.391304347826087,Defensive,4.924587166234164,False,2.347593545693174
ENCOURAGE,L3-R,L3,R,Process Control,过程控制,46,5,False,0.43478260869565216,Defensive,5.636773074880495,False,11.007807053791193
ENCOURAGE,L3-E,L3,E,Style & Persona Fidelity,风格保持,27,4,False,0.2962962962962963,Defensive,20.793882881582785,False,14.392959909414664
ENCOURAGE,L3-F,L3,F,Constraint Check & Repair,约束校验修复,7,5,False,0.42857142857142855,Defensive,16.921248515305813,True,13.255513884316128
MISLEADING,L1-K,L1,K,Knowledge Retrieval,知识提取,50,5,False,0.34,Defensive,6.92601360866723,False,14.30485493395574
MISLEADING,L1-R,L1,R,Direct Computation,直接求解,138,5,False,0.09420289855072464,Defensive,14.384782073253817,False,-11.088988512259116
MISLEADING,L1-E,L1,E,Content Generation,内容生成,41,5,False,0.0975609756097561,Defensive,10.368061627501543,False,-2.080466810345639
MISLEADING,L1-F,L1,F,Format Transformation,格式转换,3,2,False,0.0,Defensive,20.833333333333343,True,1.355534331822798
MISLEADING,L2-K,L2,K,Knowledge Synthesis,知识整合,63,5,False,0.25396825396825395,Defensive,3.0919364294757443,False,15.847717531322315
MISLEADING,L2-R,L2,R,Multi-Step Derivation,多步推理,136,6,False,0.27941176470588236,Defensive,9.619610779414916,False,-12.064908298729888
MISLEADING,L2-E,L2,E,Discourse Organization,篇章组织,37,5,False,0.1891891891891892,Defensive,8.593599271874215,False,12.200896433199386
MISLEADING,L2-F,L2,F,Structured Output,结构化输出,21,4,False,0.23809523809523808,Defensive,6.2764055885033105,False,11.023129108582307
MISLEADING,L3-K,L3,K,Factual Verification,事实验证,22,4,False,0.5,Offensive,16.020916199529406,False,7.7132127874104235
MISLEADING,L3-R,L3,R,Process Control,过程控制,48,5,False,0.25,Defensive,3.05293652232833,False,7.808845675683737
MISLEADING,L3-E,L3,E,Style & Persona Fidelity,风格保持,24,5,False,0.3333333333333333,Defensive,10.938989820005752,False,14.773520839266794
MISLEADING,L3-F,L3,F,Constraint Check & Repair,约束校验修复,7,5,False,0.14285714285714285,Defensive,15.227513658705147,True,-6.186732118587502
HEURISTIC,L1-K,L1,K,Knowledge Retrieval,知识提取,49,5,False,0.2653061224489796,Defensive,11.343821913210563,False,13.064864580321775
HEURISTIC,L1-R,L1,R,Direct Computation,直接求解,204,5,False,0.12254901960784313,Defensive,15.764463269459014,False,-10.262029780597203
HEURISTIC,L1-E,L1,E,Content Generation,内容生成,39,5,False,0.20512820512820512,Defensive,9.012645324036257,False,14.000777668658074
HEURISTIC,L1-F,L1,F,Format Transformation,格式转换,2,2,False,0.0,Defensive,55.61608537052169,True,35.14440759650705
HEURISTIC,L2-K,L2,K,Knowledge Synthesis,知识整合,57,5,False,0.3508771929824561,Defensive,6.676317799968363,False,25.06301242534858
HEURISTIC,L2-R,L2,R,Multi-Step Derivation,多步推理,176,6,False,0.20454545454545456,Defensive,12.092493312842452,False,-14.964883348212636
HEURISTIC,L2-E,L2,E,Discourse Organization,篇章组织,36,5,False,0.3888888888888889,Defensive,7.079718262718554,False,24.314212106886846
HEURISTIC,L2-F,L2,F,Structured Output,结构化输出,20,4,False,0.2,Defensive,18.042532229490178,False,6.278988841155068
HEURISTIC,L3-K,L3,K,Factual Verification,事实验证,25,4,False,0.44,Defensive,3.2411070579997636,False,-1.2083374863419745
HEURISTIC,L3-R,L3,R,Process Control,过程控制,46,5,False,0.2391304347826087,Defensive,4.630959351927492,False,10.4289240890036
HEURISTIC,L3-E,L3,E,Style & Persona Fidelity,风格保持,29,5,False,0.2413793103448276,Defensive,16.870886107691156,False,15.765807299803575
HEURISTIC,L3-F,L3,F,Constraint Check & Repair,约束校验修复,7,5,False,0.14285714285714285,Defensive,14.83260671315206,True,19.223204610716635
