strategy,version,dimension,value,n_types,n_rows,mean,gain_rate
PRESSURE,raw,Level,L1,4,142,3.0438161375661363,0.6442857142857144
PRESSURE,raw,Level,L2,4,177,-0.2834014710274779,0.4609723314975085
PRESSURE,raw,Level,L3,4,89,6.680082070707073,0.5227272727272727
PRESSURE,raw,Target,K,3,115,4.497843013468013,0.5775252525252524
PRESSURE,raw,Target,R,3,192,-0.26951058201058103,0.4442508710801394
PRESSURE,raw,Target,E,3,78,5.367098403388726,0.49053763440860215
PRESSURE,raw,Target,F,3,23,2.991898148148149,0.6583333333333333
PRESSURE,raw,Nature,Defensive,5,239,-0.47812660010240543,0.4318731032932449
PRESSURE,raw,Nature,Offensive,7,169,5.736088564213564,0.6217965367965368
PRESSURE,raw,Overall,all,12,408,3.146832245748577,0.5426617728368318
PRESSURE,std,Level,L1,4,142,1.1369719504216906,0.6442857142857144
PRESSURE,std,Level,L2,4,177,-4.94735470741246,0.4609723314975085
PRESSURE,std,Level,L3,4,89,3.201067220865193,0.5227272727272727
PRESSURE,std,Target,K,3,115,3.022086826926478,0.5775252525252524
PRESSURE,std,Target,R,3,192,-4.257310043617454,0.4442508710801394
PRESSURE,std,Target,E,3,78,0.714157597647343,0.49053763440860215
PRESSURE,std,Target,F,3,23,-0.2913550957904671,0.6583333333333333
PRESSURE,std,Nature,Defensive,5,239,-4.548745001240595,0.4318731032932449
PRESSURE,std,Nature,Offensive,7,169,2.900923265957239,0.6217965367965368
PRESSURE,std,Overall,all,12,408,-0.20310517870852549,0.5426617728368318
PRESSURE,std_fam,Level,L1,4,142,1.4800801235238445,0.6442857142857144
PRESSURE,std_fam,Level,L2,4,177,-6.883902588244154,0.4609723314975085
PRESSURE,std_fam,Level,L3,4,89,3.723037667437334,0.5227272727272727
PRESSURE,std_fam,Target,K,3,115,1.989319717418158,0.5775252525252524
PRESSURE,std_fam,Target,R,3,192,-5.5645656294719075,0.4442508710801394
PRESSURE,std_fam,Target,E,3,78,3.2529026077535588,0.49053763440860215
PRESSURE,std_fam,Target,F,3,23,-1.9187030920771082,0.6583333333333333
PRESSURE,std_fam,Nature,Defensive,5,239,-5.906488078668156,0.4318731032932449
PRESSURE,std_fam,Nature,Offensive,7,169,3.2584716006012684,0.6217965367965368
PRESSURE,std_fam,Overall,all,12,408,-0.5602615990943248,0.5426617728368318
PRESSURE,raw_rel,Level,L1,4,142,-0.10301610818244045,0.6442857142857144
PRESSURE,raw_rel,Level,L2,4,177,-3.430233716776055,0.4609723314975085
PRESSURE,raw_rel,Level,L3,4,89,3.5332498249584954,0.5227272727272727
PRESSURE,raw_rel,Target,K,3,115,1.3510107677194363,0.5775252525252524
PRESSURE,raw_rel,Target,R,3,192,-3.416342827759158,0.4442508710801394
PRESSURE,raw_rel,Target,E,3,78,2.22026615764015,0.49053763440860215
PRESSURE,raw_rel,Target,F,3,23,-0.1549340976004281,0.6583333333333333
PRESSURE,raw_rel,Nature,Defensive,5,239,-3.624958845850982,0.4318731032932449
PRESSURE,raw_rel,Nature,Offensive,7,169,2.589256318464987,0.6217965367965368
PRESSURE,raw_rel,Overall,all,12,408,0.0,0.5426617728368318
PRESSURE,std_rel,Level,L1,4,142,1.3400771291302158,0.6442857142857144
PRESSURE,std_rel,Level,L2,4,177,-4.744249528703934,0.4609723314975085
PRESSURE,std_rel,Level,L3,4,89,3.404172399573718,0.5227272727272727
PRESSURE,std_rel,Target,K,3,115,3.225192005635003,0.5775252525252524
PRESSURE,std_rel,Target,R,3,192,-4.054204864908929,0.4442508710801394
PRESSURE,std_rel,Target,E,3,78,0.9172627763558685,0.49053763440860215
PRESSURE,std_rel,Target,F,3,23,-0.08824991708194159,0.6583333333333333
PRESSURE,std_rel,Nature,Defensive,5,239,-4.345639822532069,0.4318731032932449
PRESSURE,std_rel,Nature,Offensive,7,169,3.104028444665764,0.6217965367965368
PRESSURE,std_rel,Overall,all,12,408,1.4802973661668753e-16,0.5426617728368318
PRESSURE,std_fam_rel,Level,L1,4,142,2.0403417226181695,0.6442857142857144
PRESSURE,std_fam_rel,Level,L2,4,177,-6.323640989149829,0.4609723314975085
PRESSURE,std_fam_rel,Level,L3,4,89,4.2832992665316585,0.5227272727272727
PRESSURE,std_fam_rel,Target,K,3,115,2.549581316512483,0.5775252525252524
PRESSURE,std_fam_rel,Target,R,3,192,-5.004304030377583,0.4442508710801394
PRESSURE,std_fam_rel,Target,E,3,78,3.8131642068478837,0.49053763440860215
PRESSURE,std_fam_rel,Target,F,3,23,-1.3584414929827835,0.6583333333333333
PRESSURE,std_fam_rel,Nature,Defensive,5,239,-5.346226479573831,0.4318731032932449
PRESSURE,std_fam_rel,Nature,Offensive,7,169,3.8187331996955938,0.6217965367965368
PRESSURE,std_fam_rel,Overall,all,12,408,1.0177044392397268e-16,0.5426617728368318
PRESSURE,resid_lin,Level,L1,4,142,10.096037323687035,0.6442857142857144
PRESSURE,resid_lin,Level,L2,4,177,-1.5452206405748883,0.4609723314975085
PRESSURE,resid_lin,Level,L3,4,89,4.140666959185864,0.5227272727272727
PRESSURE,resid_lin,Target,K,3,115,3.268601663476359,0.5775252525252524
PRESSURE,resid_lin,Target,R,3,192,-4.3891596698829725,0.4442508710801394
PRESSURE,resid_lin,Target,E,3,78,6.709078627709423,0.49053763440860215
PRESSURE,resid_lin,Target,F,3,23,11.33345756842787,0.6583333333333333
PRESSURE,resid_lin,Nature,Defensive,5,239,-2.8967584619654527,0.4318731032932449
PRESSURE,resid_lin,Nature,Offensive,7,169,9.321389554145615,0.6217965367965368
PRESSURE,resid_lin,Overall,all,12,408,4.230494547432671,0.5426617728368318
CRITICAL,raw,Level,L1,4,206,-23.37564851741073,0.4098122299767365
CRITICAL,raw,Level,L2,4,227,-13.694861066618142,0.3557722272344914
CRITICAL,raw,Level,L3,4,91,-0.37108105912930456,0.4839668615984405
CRITICAL,raw,Target,K,3,124,0.33394821939957,0.5607473177950425
CRITICAL,raw,Target,R,3,273,-28.181995411775365,0.3334070363508365
CRITICAL,raw,Target,E,3,98,-7.965277368872141,0.3552474042670121
CRITICAL,raw,Target,F,3,29,-14.108796296296298,0.4166666666666667
CRITICAL,raw,Nature,Defensive,9,450,-15.134564372025757,0.3446807604295694
CRITICAL,raw,Nature,Offensive,3,74,-4.518427741466959,0.6320261437908496
CRITICAL,raw,Overall,all,12,524,-12.480530214386059,0.4165171062698894
CRITICAL,std,Level,L1,4,206,-17.420799944022257,0.4098122299767365
CRITICAL,std,Level,L2,4,227,-8.823533511100043,0.3557722272344914
CRITICAL,std,Level,L3,4,91,0.8073977919620405,0.4839668615984405
CRITICAL,std,Target,K,3,124,-3.289362267254545,0.5607473177950425
CRITICAL,std,Target,R,3,273,-9.971825234318912,0.3334070363508365
CRITICAL,std,Target,E,3,98,-7.065389553837007,0.3552474042670121
CRITICAL,std,Target,F,3,29,-13.58933716213655,0.4166666666666667
CRITICAL,std,Nature,Defensive,9,450,-7.536718497917188,0.3446807604295694
CRITICAL,std,Nature,Offensive,3,74,-11.305758723795444,0.6320261437908496
CRITICAL,std,Overall,all,12,524,-8.478978554386755,0.4165171062698894
CRITICAL,std_fam,Level,L1,4,206,-17.514707799364384,0.4098122299767365
CRITICAL,std_fam,Level,L2,4,227,-14.554208431112098,0.3557722272344914
CRITICAL,std_fam,Level,L3,4,91,-2.0124857760980523,0.4839668615984405
CRITICAL,std_fam,Target,K,3,124,-7.002985647652729,0.5607473177950425
CRITICAL,std_fam,Target,R,3,273,-14.356578718275722,0.3334070363508365
CRITICAL,std_fam,Target,E,3,98,-8.08402975933999,0.3552474042670121
CRITICAL,std_fam,Target,F,3,29,-15.99827521683094,0.4166666666666667
CRITICAL,std_fam,Nature,Defensive,9,450,-10.5158438985707,0.3446807604295694
CRITICAL,std_fam,Nature,Offensive,3,74,-13.894337646387278,0.6320261437908496
CRITICAL,std_fam,Overall,all,12,524,-11.360467335524845,0.4165171062698894
CRITICAL,raw_rel,Level,L1,4,206,-10.89511830302467,0.4098122299767365
CRITICAL,raw_rel,Level,L2,4,227,-1.2143308522320835,0.3557722272344914
CRITICAL,raw_rel,Level,L3,4,91,12.109449155256753,0.4839668615984405
CRITICAL,raw_rel,Target,K,3,124,12.814478433785629,0.5607473177950425
CRITICAL,raw_rel,Target,R,3,273,-15.70146519738931,0.3334070363508365
CRITICAL,raw_rel,Target,E,3,98,4.515252845513919,0.3552474042670121
CRITICAL,raw_rel,Target,F,3,29,-1.6282660819102386,0.4166666666666667
CRITICAL,raw_rel,Nature,Defensive,9,450,-2.6540341576396997,0.3446807604295694
CRITICAL,raw_rel,Nature,Offensive,3,74,7.962102472919099,0.6320261437908496
CRITICAL,raw_rel,Overall,all,12,524,-1.4802973661668753e-16,0.4165171062698894
CRITICAL,std_rel,Level,L1,4,206,-8.941821389635503,0.4098122299767365
CRITICAL,std_rel,Level,L2,4,227,-0.3445549567132904,0.3557722272344914
CRITICAL,std_rel,Level,L3,4,91,9.286376346348794,0.4839668615984405
CRITICAL,std_rel,Target,K,3,124,5.189616287132208,0.5607473177950425
CRITICAL,std_rel,Target,R,3,273,-1.4928466799321578,0.3334070363508365
CRITICAL,std_rel,Target,E,3,98,1.4135890005497462,0.3552474042670121
CRITICAL,std_rel,Target,F,3,29,-5.110358607749795,0.4166666666666667
CRITICAL,std_rel,Nature,Defensive,9,450,0.9422600564695642,0.3446807604295694
CRITICAL,std_rel,Nature,Offensive,3,74,-2.8267801694086923,0.6320261437908496
CRITICAL,std_rel,Overall,all,12,524,-2.9605947323337506e-16,0.4165171062698894
CRITICAL,std_fam_rel,Level,L1,4,206,-6.15424046383954,0.4098122299767365
CRITICAL,std_fam_rel,Level,L2,4,227,-3.1937410955872525,0.3557722272344914
CRITICAL,std_fam_rel,Level,L3,4,91,9.347981559426792,0.4839668615984405
CRITICAL,std_fam_rel,Target,K,3,124,4.357481687872117,0.5607473177950425
CRITICAL,std_fam_rel,Target,R,3,273,-2.9961113827508767,0.3334070363508365
CRITICAL,std_fam_rel,Target,E,3,98,3.276437576184856,0.3552474042670121
CRITICAL,std_fam_rel,Target,F,3,29,-4.637807881306096,0.4166666666666667
CRITICAL,std_fam_rel,Nature,Defensive,9,450,0.8446234369541443,0.3446807604295694
CRITICAL,std_fam_rel,Nature,Offensive,3,74,-2.5338703108624334,0.6320261437908496
CRITICAL,std_fam_rel,Overall,all,12,524,-2.9605947323337506e-16,0.4165171062698894
CRITICAL,resid_lin,Level,L1,4,206,6.4263283555301705,0.4098122299767365
CRITICAL,resid_lin,Level,L2,4,227,4.85408257668689,0.3557722272344914
CRITICAL,resid_lin,Level,L3,4,91,15.783058614308654,0.4839668615984405
CRITICAL,resid_lin,Target,K,3,124,14.449515684790597,0.5607473177950425
CRITICAL,resid_lin,Target,R,3,273,-7.272146247795014,0.3334070363508365
CRITICAL,resid_lin,Target,E,3,98,10.572954106009448,0.3552474042670121
CRITICAL,resid_lin,Target,F,3,29,18.334302519029254,0.4166666666666667
CRITICAL,resid_lin,Nature,Defensive,9,450,6.766545970611451,0.3446807604295694
CRITICAL,resid_lin,Nature,Offensive,3,74,15.784988150199936,0.6320261437908496
CRITICAL,resid_lin,Overall,all,12,524,9.021156515508572,0.4165171062698894
ENCOURAGE,raw,Level,L1,4,246,-38.99537037037037,0.20148148148148148
ENCOURAGE,raw,Level,L2,4,240,-18.1685254694556,0.3165862343947643
ENCOURAGE,raw,Level,L3,4,103,-12.145948355187485,0.38773867034736603
ENCOURAGE,raw,Target,K,3,137,-8.178676865271068,0.3779656468062265
ENCOURAGE,raw,Target,R,3,328,-34.28253549992681,0.295836627140975
ENCOURAGE,raw,Target,E,3,96,-9.326042997020009,0.3033631332481907
ENCOURAGE,raw,Target,F,3,28,-40.62587023113338,0.23057644110275688
ENCOURAGE,raw,Nature,Defensive,12,589,-23.103281398337817,0.30193546207453725
ENCOURAGE,raw,Nature,Offensive,0,0,,
ENCOURAGE,raw,Overall,all,12,589,-23.103281398337817,0.30193546207453725
ENCOURAGE,std,Level,L1,4,246,-26.76152496811249,0.20148148148148148
ENCOURAGE,std,Level,L2,4,240,-11.58340425805046,0.3165862343947643
ENCOURAGE,std,Level,L3,4,103,-11.655224624242893,0.38773867034736603
ENCOURAGE,std,Target,K,3,137,-9.860290579830062,0.3779656468062265
ENCOURAGE,std,Target,R,3,328,-9.37006248246564,0.295836627140975
ENCOURAGE,std,Target,E,3,96,-7.319719706187096,0.3033631332481907
ENCOURAGE,std,Target,F,3,28,-40.11679903205833,0.23057644110275688
ENCOURAGE,std,Nature,Defensive,12,589,-16.66671795013528,0.30193546207453725
ENCOURAGE,std,Nature,Offensive,0,0,,
ENCOURAGE,std,Overall,all,12,589,-16.66671795013528,0.30193546207453725
ENCOURAGE,std_fam,Level,L1,4,246,-25.510797570905186,0.20148148148148148
ENCOURAGE,std_fam,Level,L2,4,240,-14.845441788411954,0.3165862343947643
ENCOURAGE,std_fam,Level,L3,4,103,-12.359294908932128,0.38773867034736603
ENCOURAGE,std_fam,Target,K,3,137,-11.112257401888398,0.3779656468062265
ENCOURAGE,std_fam,Target,R,3,328,-11.25935478206597,0.295836627140975
ENCOURAGE,std_fam,Target,E,3,96,-6.898833527820944,0.3033631332481907
ENCOURAGE,std_fam,Target,F,3,28,-41.016933312557036,0.23057644110275688
ENCOURAGE,std_fam,Nature,Defensive,12,589,-17.57184475608309,0.30193546207453725
ENCOURAGE,std_fam,Nature,Offensive,0,0,,
ENCOURAGE,std_fam,Overall,all,12,589,-17.57184475608309,0.30193546207453725
ENCOURAGE,raw_rel,Level,L1,4,246,-15.892088972032552,0.20148148148148148
ENCOURAGE,raw_rel,Level,L2,4,240,4.934755928882218,0.3165862343947643
ENCOURAGE,raw_rel,Level,L3,4,103,10.957333043150332,0.38773867034736603
ENCOURAGE,raw_rel,Target,K,3,137,14.924604533066749,0.3779656468062265
ENCOURAGE,raw_rel,Target,R,3,328,-11.17925410158899,0.295836627140975
ENCOURAGE,raw_rel,Target,E,3,96,13.777238401317808,0.3033631332481907
ENCOURAGE,raw_rel,Target,F,3,28,-17.522588832795574,0.23057644110275688
ENCOURAGE,raw_rel,Nature,Defensive,12,589,-5.921189464667501e-16,0.30193546207453725
ENCOURAGE,raw_rel,Nature,Offensive,0,0,,
ENCOURAGE,raw_rel,Overall,all,12,589,-5.921189464667501e-16,0.30193546207453725
ENCOURAGE,std_rel,Level,L1,4,246,-10.094807017977207,0.20148148148148148
ENCOURAGE,std_rel,Level,L2,4,240,5.083313692084821,0.3165862343947643
ENCOURAGE,std_rel,Level,L3,4,103,5.011493325892391,0.38773867034736603
ENCOURAGE,std_rel,Target,K,3,137,6.806427370305222,0.3779656468062265
ENCOURAGE,std_rel,Target,R,3,328,7.296655467669642,0.295836627140975
ENCOURAGE,std_rel,Target,E,3,96,9.346998243948187,0.3033631332481907
ENCOURAGE,std_rel,Target,F,3,28,-23.450081081923045,0.23057644110275688
ENCOURAGE,std_rel,Nature,Defensive,12,589,1.4802973661668755e-15,0.30193546207453725
ENCOURAGE,std_rel,Nature,Offensive,0,0,,
ENCOURAGE,std_rel,Overall,all,12,589,1.4802973661668755e-15,0.30193546207453725
ENCOURAGE,std_fam_rel,Level,L1,4,246,-7.9389528148220965,0.20148148148148148
ENCOURAGE,std_fam_rel,Level,L2,4,240,2.726402967671136,0.3165862343947643
ENCOURAGE,std_fam_rel,Level,L3,4,103,5.21254984715096,0.38773867034736603
ENCOURAGE,std_fam_rel,Target,K,3,137,6.459587354194691,0.3779656468062265
ENCOURAGE,std_fam_rel,Target,R,3,328,6.312489974017119,0.295836627140975
ENCOURAGE,std_fam_rel,Target,E,3,96,10.673011228262146,0.3033631332481907
ENCOURAGE,std_fam_rel,Target,F,3,28,-23.44508855647395,0.23057644110275688
ENCOURAGE,std_fam_rel,Nature,Defensive,12,589,1.4802973661668753e-16,0.30193546207453725
ENCOURAGE,std_fam_rel,Nature,Offensive,0,0,,
ENCOURAGE,std_fam_rel,Overall,all,12,589,1.4802973661668753e-16,0.30193546207453725
ENCOURAGE,resid_lin,Level,L1,4,246,-3.948438887136903,0.20148148148148148
ENCOURAGE,resid_lin,Level,L2,4,240,7.017973398386787,0.3165862343947643
ENCOURAGE,resid_lin,Level,L3,4,103,10.25096859830379,0.38773867034736603
ENCOURAGE,resid_lin,Target,K,3,137,12.57688380463921,0.3779656468062265
ENCOURAGE,resid_lin,Target,R,3,328,-6.379604819726521,0.295836627140975
ENCOURAGE,resid_lin,Target,E,3,96,15.288741585753053,0.3033631332481907
ENCOURAGE,resid_lin,Target,F,3,28,-3.7253497579275123,0.23057644110275688
ENCOURAGE,resid_lin,Nature,Defensive,12,589,4.4401677031845574,0.30193546207453725
ENCOURAGE,resid_lin,Nature,Offensive,0,0,,
ENCOURAGE,resid_lin,Overall,all,12,589,4.4401677031845574,0.30193546207453725
MISLEADING,raw,Level,L1,4,232,-39.93911644279486,0.1329409685401202
MISLEADING,raw,Level,L2,4,257,-23.92004169347919,0.2401661114896409
MISLEADING,raw,Level,L3,4,101,-18.97715999278499,0.306547619047619
MISLEADING,raw,Target,K,3,135,-11.047478755812088,0.3646560846560847
MISLEADING,raw,Target,R,3,322,-37.50670960815888,0.20787155441886898
MISLEADING,raw,Target,E,3,102,-21.803847801053085,0.20669449937742623
MISLEADING,raw,Target,F,3,31,-40.09038800705466,0.12698412698412698
MISLEADING,raw,Nature,Defensive,11,568,-30.29447381001596,0.20169261784632006
MISLEADING,raw,Nature,Offensive,1,22,1.8939393939393943,0.5
MISLEADING,raw,Overall,all,12,590,-27.61210604301968,0.22655156635912674
MISLEADING,std,Level,L1,4,232,-36.68823457001281,0.1329409685401202
MISLEADING,std,Level,L2,4,257,-18.06335402558838,0.2401661114896409
MISLEADING,std,Level,L3,4,101,-20.66569732315478,0.306547619047619
MISLEADING,std,Target,K,3,135,-13.946557978297093,0.3646560846560847
MISLEADING,std,Target,R,3,322,-17.72691875173875,0.20787155441886898
MISLEADING,std,Target,E,3,102,-20.38123571172282,0.20669449937742623
MISLEADING,std,Target,F,3,31,-48.5016687832493,0.12698412698412698
MISLEADING,std,Nature,Defensive,11,568,-26.41658782383182,0.20169261784632006
MISLEADING,std,Nature,Offensive,1,22,-11.086677612873878,0.5
MISLEADING,std,Overall,all,12,590,-25.13909530625199,0.22655156635912674
MISLEADING,std_fam,Level,L1,4,232,-38.11456242898045,0.1329409685401202
MISLEADING,std_fam,Level,L2,4,257,-20.357908945594982,0.2401661114896409
MISLEADING,std_fam,Level,L3,4,101,-20.11376075272913,0.306547619047619
MISLEADING,std_fam,Target,K,3,135,-15.780015473516315,0.3646560846560847
MISLEADING,std_fam,Target,R,3,322,-19.897182277516073,0.20787155441886898
MISLEADING,std_fam,Target,E,3,102,-18.033985810071183,0.20669449937742623
MISLEADING,std_fam,Target,F,3,31,-51.07045927530252,0.12698412698412698
MISLEADING,std_fam,Nature,Defensive,11,568,-27.984354114991707,0.20169261784632006
MISLEADING,std_fam,Nature,Offensive,1,22,-6.5170332443094985,0.5
MISLEADING,std_fam,Overall,all,12,590,-26.19541070910152,0.22655156635912674
MISLEADING,raw_rel,Level,L1,4,232,-12.327010399775181,0.1329409685401202
MISLEADING,raw_rel,Level,L2,4,257,3.692064349540486,0.2401661114896409
MISLEADING,raw_rel,Level,L3,4,101,8.634946050234689,0.306547619047619
MISLEADING,raw_rel,Target,K,3,135,16.564627287207593,0.3646560846560847
MISLEADING,raw_rel,Target,R,3,322,-9.894603565139205,0.20787155441886898
MISLEADING,raw_rel,Target,E,3,102,5.808258241966594,0.20669449937742623
MISLEADING,raw_rel,Target,F,3,31,-12.478281964034991,0.12698412698412698
MISLEADING,raw_rel,Nature,Defensive,11,568,-2.6823677669962818,0.20169261784632006
MISLEADING,raw_rel,Nature,Offensive,1,22,29.506045436959074,0.5
MISLEADING,raw_rel,Overall,all,12,590,-2.3684757858670005e-15,0.22655156635912674
MISLEADING,std_rel,Level,L1,4,232,-11.549139263760821,0.1329409685401202
MISLEADING,std_rel,Level,L2,4,257,7.075741280663607,0.2401661114896409
MISLEADING,std_rel,Level,L3,4,101,4.4733979830972075,0.306547619047619
MISLEADING,std_rel,Target,K,3,135,11.192537327954895,0.3646560846560847
MISLEADING,std_rel,Target,R,3,322,7.412176554513238,0.20787155441886898
MISLEADING,std_rel,Target,E,3,102,4.757859594529168,0.20669449937742623
MISLEADING,std_rel,Target,F,3,31,-23.362573476997312,0.12698412698412698
MISLEADING,std_rel,Nature,Defensive,11,568,-1.277492517579831,0.20169261784632006
MISLEADING,std_rel,Nature,Offensive,1,22,14.05241769337811,0.5
MISLEADING,std_rel,Overall,all,12,590,-2.3684757858670005e-15,0.22655156635912674
MISLEADING,std_fam_rel,Level,L1,4,232,-11.919151719878931,0.1329409685401202
MISLEADING,std_fam_rel,Level,L2,4,257,5.837501763506542,0.2401661114896409
MISLEADING,std_fam_rel,Level,L3,4,101,6.081649956372392,0.306547619047619
MISLEADING,std_fam_rel,Target,K,3,135,10.415395235585208,0.3646560846560847
MISLEADING,std_fam_rel,Target,R,3,322,6.298228431585449,0.20787155441886898
MISLEADING,std_fam_rel,Target,E,3,102,8.161424899030342,0.20669449937742623
MISLEADING,std_fam_rel,Target,F,3,31,-24.875048566201,0.12698412698412698
MISLEADING,std_fam_rel,Nature,Defensive,11,568,-1.7889434058901834,0.20169261784632006
MISLEADING,std_fam_rel,Nature,Offensive,1,22,19.678377464792025,0.5
MISLEADING,std_fam_rel,Overall,all,12,590,5.921189464667501e-16,0.22655156635912674
MISLEADING,resid_lin,Level,L1,4,232,0.6227334857934459,0.1329409685401202
MISLEADING,resid_lin,Level,L2,4,257,6.75170869359353,0.2401661114896409
MISLEADING,resid_lin,Level,L3,4,101,6.027211795943364,0.306547619047619
MISLEADING,resid_lin,Target,K,3,135,12.621928417562827,0.3646560846560847
MISLEADING,resid_lin,Target,R,3,322,-5.115017045101755,0.20787155441886898
MISLEADING,resid_lin,Target,E,3,102,8.297983487373514,0.20669449937742623
MISLEADING,resid_lin,Target,F,3,31,2.063977107272534,0.12698412698412698
MISLEADING,resid_lin,Nature,Defensive,11,568,4.172127555810085,0.20169261784632006
MISLEADING,resid_lin,Nature,Offensive,1,22,7.7132127874104235,0.5
MISLEADING,resid_lin,Overall,all,12,590,4.46721799177678,0.22655156635912674
HEURISTIC,raw,Level,L1,4,294,-33.40603602552132,0.14824583679625697
HEURISTIC,raw,Level,L2,4,289,-25.989617944798866,0.2860778841041999
HEURISTIC,raw,Level,L3,4,107,-13.64002001975203,0.2658417219961448
HEURISTIC,raw,Target,K,3,131,-13.99897892880349,0.3520611051438119
HEURISTIC,raw,Target,R,3,426,-45.81120194198306,0.1887416363119688
HEURISTIC,raw,Target,E,3,104,-14.169593444018728,0.27846546812064055
HEURISTIC,raw,Target,F,3,29,-23.40112433862434,0.11428571428571428
HEURISTIC,raw,Nature,Defensive,12,690,-24.345224663357403,0.23338848096553388
HEURISTIC,raw,Nature,Offensive,0,0,,
HEURISTIC,raw,Overall,all,12,690,-24.345224663357403,0.23338848096553388
HEURISTIC,std,Level,L1,4,294,-25.60607068744631,0.14824583679625697
HEURISTIC,std,Level,L2,4,289,-15.133692604145232,0.2860778841041999
HEURISTIC,std,Level,L3,4,107,-14.189939100519682,0.2658417219961448
HEURISTIC,std,Target,K,3,131,-18.466213354946152,0.3520611051438119
HEURISTIC,std,Target,R,3,426,-12.96730636414693,0.1887416363119688
HEURISTIC,std,Target,E,3,104,-10.580034423910199,0.27846546812064055
HEURISTIC,std,Target,F,3,29,-31.22604904647834,0.11428571428571428
HEURISTIC,std,Nature,Defensive,12,690,-18.309900797370407,0.23338848096553388
HEURISTIC,std,Nature,Offensive,0,0,,
HEURISTIC,std,Overall,all,12,690,-18.309900797370407,0.23338848096553388
HEURISTIC,std_fam,Level,L1,4,294,-24.45453210387399,0.14824583679625697
HEURISTIC,std_fam,Level,L2,4,289,-14.484619635877602,0.2860778841041999
HEURISTIC,std_fam,Level,L3,4,107,-14.184243483829293,0.2658417219961448
HEURISTIC,std_fam,Target,K,3,131,-21.126934833130008,0.3520611051438119
HEURISTIC,std_fam,Target,R,3,426,-13.756878802072995,0.1887416363119688
HEURISTIC,std_fam,Target,E,3,104,-9.52882991732348,0.27846546812064055
HEURISTIC,std_fam,Target,F,3,29,-26.418550078914695,0.11428571428571428
HEURISTIC,std_fam,Nature,Defensive,12,690,-17.707798407860295,0.23338848096553388
HEURISTIC,std_fam,Nature,Offensive,0,0,,
HEURISTIC,std_fam,Overall,all,12,690,-17.707798407860295,0.23338848096553388
HEURISTIC,raw_rel,Level,L1,4,294,-9.060811362163918,0.14824583679625697
HEURISTIC,raw_rel,Level,L2,4,289,-1.644393281441463,0.2860778841041999
HEURISTIC,raw_rel,Level,L3,4,107,10.705204643605375,0.2658417219961448
HEURISTIC,raw_rel,Target,K,3,131,10.346245734553912,0.3520611051438119
HEURISTIC,raw_rel,Target,R,3,426,-21.465977278625655,0.1887416363119688
HEURISTIC,raw_rel,Target,E,3,104,10.175631219338674,0.27846546812064055
HEURISTIC,raw_rel,Target,F,3,29,0.9441003247330642,0.11428571428571428
HEURISTIC,raw_rel,Nature,Defensive,12,690,-1.924386576016938e-15,0.23338848096553388
HEURISTIC,raw_rel,Nature,Offensive,0,0,,
HEURISTIC,raw_rel,Overall,all,12,690,-1.924386576016938e-15,0.23338848096553388
HEURISTIC,std_rel,Level,L1,4,294,-7.2961698900759036,0.14824583679625697
HEURISTIC,std_rel,Level,L2,4,289,3.1762081932251753,0.2860778841041999
HEURISTIC,std_rel,Level,L3,4,107,4.1199616968507256,0.2658417219961448
HEURISTIC,std_rel,Target,K,3,131,-0.15631255757574772,0.3520611051438119
HEURISTIC,std_rel,Target,R,3,426,5.342594433223475,0.1887416363119688
HEURISTIC,std_rel,Target,E,3,104,7.729866373460208,0.27846546812064055
HEURISTIC,std_rel,Target,F,3,29,-12.91614824910794,0.11428571428571428
HEURISTIC,std_rel,Nature,Defensive,12,690,-7.401486830834377e-16,0.23338848096553388
HEURISTIC,std_rel,Nature,Offensive,0,0,,
HEURISTIC,std_rel,Overall,all,12,690,-7.401486830834377e-16,0.23338848096553388
HEURISTIC,std_fam_rel,Level,L1,4,294,-6.746733696013695,0.14824583679625697
HEURISTIC,std_fam_rel,Level,L2,4,289,3.2231787719826936,0.2860778841041999
HEURISTIC,std_fam_rel,Level,L3,4,107,3.523554924031002,0.2658417219961448
HEURISTIC,std_fam_rel,Target,K,3,131,-3.419136425269714,0.3520611051438119
HEURISTIC,std_fam_rel,Target,R,3,426,3.950919605787302,0.1887416363119688
HEURISTIC,std_fam_rel,Target,E,3,104,8.178968490536816,0.27846546812064055
HEURISTIC,std_fam_rel,Target,F,3,29,-8.710751671054403,0.11428571428571428
HEURISTIC,std_fam_rel,Nature,Defensive,12,690,0.0,0.23338848096553388
HEURISTIC,std_fam_rel,Nature,Offensive,0,0,,
HEURISTIC,std_fam_rel,Overall,all,12,690,0.0,0.23338848096553388
HEURISTIC,resid_lin,Level,L1,4,294,12.987005016222424,0.14824583679625697
HEURISTIC,resid_lin,Level,L2,4,289,10.172832506294466,0.2860778841041999
HEURISTIC,resid_lin,Level,L3,4,107,11.052399628295458,0.2658417219961448
HEURISTIC,resid_lin,Target,K,3,131,12.30651317310946,0.3520611051438119
HEURISTIC,resid_lin,Target,R,3,426,-4.932663013268747,0.1887416363119688
HEURISTIC,resid_lin,Target,E,3,104,18.026932358449496,0.27846546812064055
HEURISTIC,resid_lin,Target,F,3,29,20.21553368279292,0.11428571428571428
HEURISTIC,resid_lin,Nature,Defensive,12,690,11.40407905027078,0.23338848096553388
HEURISTIC,resid_lin,Nature,Offensive,0,0,,
HEURISTIC,resid_lin,Overall,all,12,690,11.40407905027078,0.23338848096553388
