strategy,version,mean,sd,rng,mn,mx,n_types,mad
PRESSURE,raw,3.146832245748577,6.213032331361432,25.81597222222222,-9.982638888888886,15.833333333333337,12,4.132457234838787
PRESSURE,std,-0.20310517870852549,5.732014390142752,19.044355142443862,-11.000876881574298,8.043478260869566,12,4.116965928798694
PRESSURE,std_fam,-0.5602615990943248,7.372064445524611,29.595999831726964,-12.725814038072574,16.87018579365439,12,5.083606926749527
PRESSURE,raw_rel,0.0,6.213032331361432,25.81597222222222,-13.129471134637463,12.68650108758476,12,4.132457234838787
PRESSURE,std_rel,1.4802973661668753e-16,5.732014390142752,19.044355142443862,-10.797771702865772,8.246583439578092,12,4.116965928798693
PRESSURE,std_fam_rel,1.0177044392397268e-16,7.372064445524611,29.595999831726964,-12.16555243897825,17.430447392748714,12,5.083606926749527
PRESSURE,resid_lin,4.230494547432671,10.957556003322406,41.21512119963073,-15.21253649151871,26.002584708112018,12,7.9304693660148855
CRITICAL,raw,-12.480530214386059,15.833360381143198,57.47999058380413,-48.10499058380413,9.375,12,12.34525787294987
CRITICAL,std,-8.478978554386755,10.59000418492236,37.64855566928239,-32.29166666666667,5.356889002615716,12,7.980147154494539
CRITICAL,std_fam,-11.360467335524845,11.125101588900828,40.44204206203386,-32.29166666666667,8.150375395367195,12,8.248244639102184
CRITICAL,raw_rel,-1.4802973661668753e-16,15.833360381143198,57.47999058380413,-35.624460369418074,21.855530214386057,12,12.34525787294987
CRITICAL,std_rel,-2.9605947323337506e-16,10.59000418492236,37.64855566928239,-23.81268811227992,13.83586755700247,12,7.980147154494539
CRITICAL,std_fam_rel,-2.9605947323337506e-16,11.125101588900828,40.44204206203386,-20.931199331141826,19.51084273089204,12,8.248244639102184
CRITICAL,resid_lin,9.021156515508572,13.456677680164773,44.079144736606935,-17.948343357655986,26.130801378950945,12,10.069716710950463
ENCOURAGE,raw,-23.103281398337817,23.405954453808253,75.933908045977,-77.08333333333333,-1.1494252873563218,12,17.985198163493884
ENCOURAGE,std,-16.66671795013528,20.098463222196074,74.01182048220174,-77.08333333333333,-3.071512851131585,12,11.725040540961523
ENCOURAGE,std_fam,-17.57184475608309,19.860658886634596,75.43556261957642,-77.08333333333333,-1.64777071375691,12,11.722544278236976
ENCOURAGE,raw_rel,-5.921189464667501e-16,23.405954453808253,75.933908045977,-53.980051934995515,21.953856110981494,12,17.985198163493884
ENCOURAGE,std_rel,1.4802973661668755e-15,20.098463222196074,74.01182048220174,-60.41661538319805,13.595205099003698,12,11.725040540961523
ENCOURAGE,std_fam_rel,1.4802973661668753e-16,19.860658886634596,75.43556261957642,-59.51148857725024,15.924074042326179,12,11.722544278236976
ENCOURAGE,resid_lin,4.4401677031845574,16.17136603505348,52.371707391206115,-30.271280205693238,22.100427185512874,12,12.638496497618176
MISLEADING,raw,-27.61210604301968,19.00279784326839,61.40480895915678,-59.51086956521739,1.8939393939393943,12,16.047784894267476
MISLEADING,std,-25.13909530625199,20.22357437779711,68.8871829864665,-77.08333333333333,-8.196150346866824,12,14.524539423833005
MISLEADING,std_fam,-26.19541070910152,20.811127766222302,74.70757992895697,-77.08333333333333,-2.3757534043763533,12,14.51991025907995
MISLEADING,raw_rel,-2.3684757858670005e-15,19.00279784326839,61.40480895915678,-31.89876352219771,29.506045436959074,12,16.047784894267476
MISLEADING,std_rel,-2.3684757858670005e-15,20.22357437779711,68.88718298646651,-51.94423802708134,16.942944959385166,12,14.524539423833005
MISLEADING,std_fam_rel,5.921189464667501e-16,20.811127766222306,74.70757992895697,-50.887922624231805,23.81965730472517,12,14.519910259079952
MISLEADING,resid_lin,4.46721799177678,10.172939256411347,27.912625830052203,-12.064908298729888,15.847717531322315,12,8.733608561163875
HEURISTIC,raw,-24.345224663357403,19.357567656110362,65.38671023965142,-68.51171023965142,-3.1250000000000004,12,13.983975752585787
HEURISTIC,std,-18.309900797370407,12.695977418862622,47.857633168588684,-52.08333333333333,-4.225700164744645,12,8.85681943202654
HEURISTIC,std_fam,-17.707798407860295,12.051047291213573,44.689034876255,-52.08333333333333,-7.394298457078328,12,7.6967993383609965
HEURISTIC,raw_rel,-1.924386576016938e-15,19.357567656110362,65.38671023965142,-44.16648557629402,21.220224663357403,12,13.98397575258579
HEURISTIC,std_rel,-7.401486830834377e-16,12.695977418862622,47.85763316858869,-33.773432535962925,14.084200632625762,12,8.856819432026539
HEURISTIC,std_fam_rel,0.0,12.051047291213573,44.689034876255,-34.37553492547303,10.313499950781967,12,7.6967993383609965
HEURISTIC,resid_lin,11.40407905027078,14.63972995186438,50.10929094471969,-14.964883348212636,35.14440759650705,12,11.124622156057844
