strategy,axis,key,high,low,p_high,p_low,enrich_raw
PRESSURE,level,L1,74,68,0.36633663366336633,0.3300970873786408,0.1481485022727523
PRESSURE,level,L2,85,92,0.4207920792079208,0.44660194174757284,-0.08490257694067534
PRESSURE,level,L3,43,46,0.21287128712871287,0.22330097087378642,-0.06746091603201206
PRESSURE,target,K,66,49,0.32673267326732675,0.23786407766990292,0.44987199922163457
PRESSURE,target,R,87,105,0.4306930693069307,0.5097087378640777,-0.24044411033883822
PRESSURE,target,E,38,40,0.18811881188118812,0.1941747572815534,-0.04454611143654932
PRESSURE,target,F,11,12,0.054455445544554455,0.05825242718446602,-0.08931188843107701
ENCOURAGE,level,L1,58,188,0.3411764705882353,0.4486873508353222,-0.3901907678618702
ENCOURAGE,level,L2,72,168,0.4235294117647059,0.4009546539379475,0.07807564184769605
ENCOURAGE,level,L3,40,63,0.23529411764705882,0.15035799522673032,0.6292048428678698
ENCOURAGE,target,K,51,86,0.3,0.2052505966587112,0.5366993480436545
ENCOURAGE,target,R,83,245,0.48823529411764705,0.5847255369928401,-0.25776763137321834
ENCOURAGE,target,E,28,68,0.16470588235294117,0.162291169451074,0.020675278508538765
ENCOURAGE,target,F,8,20,0.047058823529411764,0.0477326968973747,-0.01855507322499572
CRITICAL,level,L1,64,142,0.3333333333333333,0.42771084337349397,-0.3549579523727832
CRITICAL,level,L2,83,144,0.4322916666666667,0.43373493975903615,-0.004753747892284624
CRITICAL,level,L3,45,46,0.234375,0.13855421686746988,0.7376767770816107
CRITICAL,target,K,65,59,0.3385416666666667,0.17771084337349397,0.910922831439065
CRITICAL,target,R,84,189,0.4375,0.5692771084337349,-0.3760695996375806
CRITICAL,target,E,34,64,0.17708333333333334,0.1927710843373494,-0.11923263444661368
CRITICAL,target,F,9,20,0.046875,0.060240963855421686,-0.3307386649144779
MISLEADING,level,L1,34,198,0.25757575757575757,0.43231441048034935,-0.7359371642914029
MISLEADING,level,L2,66,191,0.5,0.4170305676855895,0.2589358907061516
MISLEADING,level,L3,32,69,0.24242424242424243,0.15065502183406113,0.6686347386801708
MISLEADING,target,K,44,91,0.3333333333333333,0.19868995633187772,0.7320704768026854
MISLEADING,target,R,63,259,0.4772727272727273,0.5655021834061136,-0.24238318056669936
MISLEADING,target,E,19,83,0.14393939393939395,0.1812227074235808,-0.32230360931961244
MISLEADING,target,F,6,25,0.045454545454545456,0.05458515283842795,-0.23996864346438795
HEURISTIC,level,L1,46,248,0.30666666666666664,0.45925925925925926,-0.5749268195039904
HEURISTIC,level,L2,74,215,0.49333333333333335,0.39814814814814814,0.3058009834522109
HEURISTIC,level,L3,30,77,0.2,0.1425925925925926,0.47400359279108034
HEURISTIC,target,K,44,87,0.29333333333333333,0.16111111111111112,0.8447766037873075
HEURISTIC,target,R,72,354,0.48,0.6555555555555556,-0.4456951561162159
HEURISTIC,target,E,29,75,0.19333333333333333,0.1388888888888889,0.4629719763425457
HEURISTIC,target,F,5,24,0.03333333333333333,0.044444444444444446,-0.3672089741882287
