strategy,cat,cat_name,n,n_high,high_rate,base_rate,lift,log2_lift,others_rate,diff_pp,z_vs_others,ci_lo,ci_hi,enough,sig,sign
PRESSURE,L1-E,内容生成,25,13,0.52,0.4950980392156863,1.0502970297029703,0.07079724804158326,0.17532467532467533,34.46753246753247,3.297932912973276,0.3349821795314731,0.6996899607103999,True,True,+
PRESSURE,L1-F,格式转换,2,2,1.0,0.4950980392156863,2.01980198019802,1.0142123879586626,0.2,80.0,6.324555320336758,0.3423719528896193,1.0,False,True,+
PRESSURE,L1-K,知识提取,45,27,0.6,0.4950980392156863,1.2118811881188118,0.2772477555878683,0.39215686274509803,20.784313725490193,2.5776173775531452,0.4545159420914473,0.7297532055204244,True,True,+
PRESSURE,L1-R,直接求解,70,32,0.45714285714285713,0.4950980392156863,0.9233380480905232,-0.11506891578867305,0.15245901639344261,30.46838407494145,4.970817227200341,0.345725523240816,0.5730194660335225,True,True,+
PRESSURE,L2-E,篇章组织,31,14,0.45161290322580644,0.4950980392156863,0.9121686362184604,-0.13262724852944568,0.3381294964028777,11.348340682292873,1.158292659353072,0.29161482836586106,0.6222812039633085,True,False,=
PRESSURE,L2-F,结构化输出,16,6,0.375,0.4950980392156863,0.7574257425742574,-0.4008227068328546,0.2375,13.750000000000002,1.057313576511768,0.18480982554752803,0.6135935290206519,False,False,=
PRESSURE,L2-K,知识整合,48,26,0.5416666666666666,0.4950980392156863,1.094059405940594,0.12969082611881927,0.33905579399141633,20.26108726752503,2.5869765594833893,0.4029083309494733,0.6742497814544648,True,True,+
PRESSURE,L2-R,多步推理,82,39,0.47560975609756095,0.4950980392156863,0.9606375271673508,-0.057935807135877176,0.26737967914438504,20.823007695317592,3.5760094281942045,0.371047982844021,0.5823545632408609,True,True,+
PRESSURE,L3-E,风格保持,22,11,0.5,0.4950980392156863,1.00990099009901,0.014213830651539626,0.3364485981308411,16.35514018691589,1.410235410564243,0.3072180469247956,0.6927819530752043,True,False,=
PRESSURE,L3-F,约束校验修复,5,3,0.6,0.4950980392156863,1.2118811881188118,0.2772477555878683,0.25925925925925924,34.074074074074076,1.4514366124445606,0.23071993220883702,0.8823817688407467,False,False,=
PRESSURE,L3-K,事实验证,22,13,0.5909090909090909,0.4950980392156863,1.1935193519351934,0.2552214862499877,0.5,9.090909090909093,0.7748315022525605,0.3873447738289381,0.7674444033117963,True,False,=
PRESSURE,L3-R,过程控制,40,16,0.4,0.4950980392156863,0.807920792079208,-0.3077135428899253,0.33146067415730335,6.853932584269668,0.805236113677146,0.2634811061240136,0.5540438017260649,True,False,=
ENCOURAGE,L1-E,内容生成,40,8,0.2,0.28862478777589134,0.6929411764705883,-0.5291929922427677,0.2302158273381295,-3.0215827338129495,-0.4160310792356259,0.10499864973166873,0.34757607381856676,True,False,=
ENCOURAGE,L1-F,格式转换,2,0,0.0,0.28862478777589134,0.0,-18.13884068013675,0.4,-40.0,-2.581988897471611,0.0,0.6576280471103807,False,True,-
ENCOURAGE,L1-K,知识提取,54,23,0.42592592592592593,0.28862478777589134,1.4757080610021787,0.5614057302740442,0.4307692307692308,-0.4843304843304863,-0.06367539947321761,0.30331621798657443,0.558375021536537,True,False,=
ENCOURAGE,L1-R,直接求解,150,27,0.18,0.28862478777589134,0.6236470588235293,-0.6811952841948031,0.18490566037735848,-0.4905660377358484,-0.13774462880744734,0.12675684863332679,0.24922468041993318,True,False,=
ENCOURAGE,L2-E,篇章组织,29,12,0.41379310344827586,0.28862478777589134,1.4336713995943204,0.5197128812898102,0.3475177304964539,6.627537295182195,0.6636643496103177,0.2551293527964552,0.5926247152148476,True,False,=
ENCOURAGE,L2-F,结构化输出,19,5,0.2631578947368421,0.28862478777589134,0.9117647058823529,-0.13326604713806056,0.2597402597402597,0.3417634996582375,0.03032344240779653,0.11806238339540162,0.48791968441070643,False,False,=
ENCOURAGE,L2-K,知识整合,60,19,0.31666666666666665,0.28862478777589134,1.097156862745098,0.1337693628943733,0.3891402714932127,-7.247360482654602,-1.0591558052840604,0.2130570584117433,0.4423400494301654,True,False,=
ENCOURAGE,L2-R,多步推理,132,36,0.2727272727272727,0.28862478777589134,0.9449197860962566,-0.08173593885659917,0.299412915851272,-2.668564312399929,-0.610106467272021,0.20398430212669702,0.3543247872833216,True,False,=
ENCOURAGE,L3-E,风格保持,27,8,0.2962962962962963,0.28862478777589134,1.0265795206971677,0.03784525611150143,0.38235294117647056,-8.605664488017428,-0.8589494516578325,0.15852853317647564,0.48481033380837596,True,False,=
ENCOURAGE,L3-F,约束校验修复,7,3,0.42857142857142855,0.28862478777589134,1.4848739495798318,0.570338834135477,0.28,14.857142857142852,0.7160636586251004,0.1582169222626268,0.7495457695909742,False,False,=
ENCOURAGE,L3-K,事实验证,23,9,0.391304347826087,0.28862478777589134,1.3557544757033249,0.4390946214553389,0.550561797752809,-15.925744992672202,-1.3895231752704706,0.22157377982382145,0.5921482039625401,True,False,=
ENCOURAGE,L3-R,过程控制,46,20,0.43478260869565216,0.28862478777589134,1.506393861892583,0.5910973462125512,0.31976744186046513,11.501516683518703,1.4149941668738009,0.3020904595919057,0.5775281722337177,True,False,=
CRITICAL,L1-E,内容生成,34,7,0.20588235294117646,0.366412213740458,0.5618872549019608,-0.8316443483673889,0.22758620689655173,-2.1703853955375276,-0.27970601003907475,0.10349396022351322,0.3679871610821398,True,False,=
CRITICAL,L1-F,格式转换,3,2,0.6666666666666666,0.366412213740458,1.8194444444444444,0.8634962267862335,0.2222222222222222,44.44444444444444,1.4552137502179978,0.20765495512648788,0.9385096847238393,False,False,=
CRITICAL,L1-K,知识提取,51,27,0.5294117647058824,0.366412213740458,1.4448529411764706,0.5309214487464835,0.40404040404040403,12.537136066547832,1.6050685780357246,0.39523071344726596,0.6594722857358359,True,False,=
CRITICAL,L1-R,直接求解,118,28,0.23728813559322035,0.366412213740458,0.6475988700564972,-0.6268254839214962,0.17259786476868327,6.4690270824537075,1.5299338981453667,0.16957859709211365,0.32156400116660916,True,False,=
CRITICAL,L2-E,篇章组织,37,14,0.3783783783783784,0.366412213740458,1.0326576576576578,0.046361932726961104,0.3533834586466165,2.4994919731761875,0.2781500466241837,0.2406378746389103,0.5389985744718004,True,False,=
CRITICAL,L2-F,结构化输出,20,5,0.25,0.366412213740458,0.6822916666666666,-0.5515376657649268,0.2631578947368421,-1.315789473684209,-0.1204846892315744,0.11186005278940306,0.4687050099580635,True,False,=
CRITICAL,L2-K,知识整合,53,24,0.4528301886792453,0.366412213740458,1.2358490566037736,0.3055017955724391,0.35526315789473684,9.756703078450846,1.294624425584604,0.32657368160147465,0.585462573535608,True,False,=
CRITICAL,L2-R,多步推理,117,40,0.3418803418803419,0.366412213740458,0.9330484330484331,-0.099975841352768,0.2832699619771863,5.86103799031556,1.2197145875880693,0.2621836857875492,0.4316303650029071,True,False,=
CRITICAL,L3-E,风格保持,27,13,0.48148148148148145,0.366412213740458,1.314043209876543,0.3940117758075865,0.3333333333333333,14.814814814814813,1.3860030471718137,0.3074295064970908,0.6601467541378958,True,False,=
CRITICAL,L3-F,约束校验修复,6,2,0.3333333333333333,0.366412213740458,0.9097222222222222,-0.1365016091760746,0.3076923076923077,2.5641025641025603,0.12056519896261308,0.09676933255921684,0.7000116786584712,False,False,=
CRITICAL,L3-K,事实验证,20,14,0.7,0.366412213740458,1.9104166666666667,0.9338854516281364,0.4782608695652174,22.173913043478255,1.9290961550627748,0.4810232237710205,0.8545247260310062,True,False,=
CRITICAL,L3-R,过程控制,38,16,0.42105263157894735,0.366412213740458,1.1491228070175439,0.2005324764195188,0.3277777777777778,9.327485380116956,1.0671986115102632,0.2785227481181953,0.5780792938687267,True,False,=
MISLEADING,L1-E,内容生成,41,4,0.0975609756097561,0.22372881355932203,0.4360679970436068,-1.1973666405741916,0.2608695652173913,-16.33085896076352,-2.7429943520240134,0.03859645975296141,0.22547975519030555,True,True,-
MISLEADING,L1-F,格式转换,3,0,0.0,0.22372881355932203,0.0,-17.771397992828664,0.4444444444444444,-44.44444444444444,-2.6832815729997477,0.0,0.5615060804490177,False,True,-
MISLEADING,L1-K,知识提取,50,17,0.34,0.22372881355932203,1.5196969696969698,0.6037814711855921,0.45226130653266333,-11.226130653266331,-1.4826737194616264,0.2243676963506106,0.47846431458517147,True,False,=
MISLEADING,L1-R,直接求解,138,13,0.09420289855072464,0.22372881355932203,0.421058410188845,-1.2478988474601116,0.2066420664206642,-11.243916786993957,-3.7054021140461884,0.055880001585092126,0.1545067960821649,True,True,-
MISLEADING,L2-E,篇章组织,37,7,0.1891891891891892,0.22372881355932203,0.8456183456183457,-0.24192024142220267,0.40601503759398494,-21.682584840479574,-2.808790041717029,0.09479858757337126,0.342050115709556,True,True,-
MISLEADING,L2-F,结构化输出,21,5,0.23809523809523808,0.22372881355932203,1.0642135642135642,0.0897873079105582,0.26666666666666666,-2.857142857142858,-0.26942450805004325,0.10627856389112264,0.4509158197234593,True,False,=
MISLEADING,L2-K,知识整合,63,16,0.25396825396825395,0.22372881355932203,1.135161135161135,0.18289633359613197,0.40825688073394495,-15.4288626765691,-2.4050082672032165,0.1628027458309815,0.37341422084845166,True,True,-
MISLEADING,L2-R,多步推理,136,38,0.27941176470588236,0.22372881355932203,1.2488859180035652,0.32064041200913523,0.2978303747534517,-1.841861004756934,-0.42334054949676053,0.2108540606742771,0.36008906354626957,True,False,=
MISLEADING,L3-E,风格保持,24,8,0.3333333333333333,0.22372881355932203,1.4898989898989898,0.575212403852983,0.37142857142857144,-3.809523809523813,-0.35550623536027914,0.17971978688379645,0.5329404050591954,True,False,=
MISLEADING,L3-F,约束校验修复,7,1,0.14285714285714285,0.22372881355932203,0.6385281385281385,-0.6471742467321548,0.36,-21.714285714285715,-1.3286759697585293,0.02567895594897479,0.5131345033190299,False,False,=
MISLEADING,L3-K,事实验证,22,11,0.5,0.22372881355932203,2.234848484848485,1.1601734618827055,0.5222222222222223,-2.2222222222222254,-0.1869069009765605,0.3072180469247956,0.6927819530752043,True,False,=
MISLEADING,L3-R,过程控制,48,12,0.25,0.22372881355932203,1.1174242424242424,0.1601763472641308,0.37058823529411766,-12.058823529411766,-1.6598044074635412,0.1492048880971003,0.3878464374792707,True,False,=
HEURISTIC,L1-E,内容生成,39,8,0.20512820512820512,0.21739130434782608,0.9435897435897436,-0.08376796095334105,0.22857142857142856,-2.3443223443223444,-0.3178392157408859,0.10779590197911117,0.35534272963128616,True,False,=
HEURISTIC,L1-F,格式转换,2,0,0.0,0.21739130434782608,0.0,-17.72994134453645,0.4,-40.0,-2.581988897471611,0.0,0.6576280471103807,False,True,-
HEURISTIC,L1-K,知识提取,49,13,0.2653061224489796,0.21739130434782608,1.2204081632653063,0.28736253665390055,0.47,-20.469387755102037,-2.832218674715716,0.1621113124514944,0.4026255615265835,True,True,-
HEURISTIC,L1-R,直接求解,204,25,0.12254901960784313,0.21739130434782608,0.5637254901960784,-0.8269301550655422,0.21008403361344538,-8.753501400560225,-2.9579673932374426,0.08440133225416796,0.17464979129376465,True,True,-
HEURISTIC,L2-E,篇章组织,36,14,0.3888888888888889,0.21739130434782608,1.788888888888889,0.839060855185496,0.35074626865671643,3.814262023217246,0.4186460256891837,0.24784655417822946,0.5513582970325652,True,False,=
HEURISTIC,L2-F,结构化输出,20,4,0.2,0.21739130434782608,0.92,-0.12029365664246526,0.27631578947368424,-7.631578947368423,-0.7401586566419929,0.08065635327119998,0.4160217220257599,True,False,=
HEURISTIC,L2-K,知识整合,57,20,0.3508771929824561,0.21739130434782608,1.6140350877192982,0.690669417185354,0.3794642857142857,-2.8587092731829578,-0.40239403886304204,0.24000246078174028,0.48058345411859105,True,False,=
HEURISTIC,L2-R,多步推理,176,36,0.20454545454545456,0.21739130434782608,0.940909090909091,-0.08787233924874427,0.32762312633832974,-12.307767179287518,-3.2938926920162577,0.1515657672943556,0.2701475626582249,True,True,-
HEURISTIC,L3-E,风格保持,29,7,0.2413793103448276,0.21739130434782608,1.110344827586207,0.15100712858483278,0.4,-15.862068965517242,-1.6991942561473263,0.12218268185062132,0.4210795221832869,True,False,=
HEURISTIC,L3-F,约束校验修复,7,1,0.14285714285714285,0.21739130434782608,0.6571428571428571,-0.6057175984399377,0.36,-21.714285714285715,-1.3286759697585293,0.02567895594897479,0.5131345033190299,False,False,=
HEURISTIC,L3-K,事实验证,25,11,0.44,0.21739130434782608,2.024,1.0172059324989384,0.5402298850574713,-10.022988505747128,-0.8890128719932263,0.2666537494700257,0.6293298298043556,True,False,=
HEURISTIC,L3-R,过程控制,46,11,0.2391304347826087,0.21739130434782608,1.1,0.13750292044374882,0.37209302325581395,-13.296258847320525,-1.82401845140786,0.13912036561131397,0.37935416169118025,True,False,=
