strategy,thinking_type,level,target,n_high,n_low,n_task,low_share,high_share,gain
PRESSURE,L1-K,L1,K,27,18,45,8.737864077669903,13.366336633663366,拔高
PRESSURE,L1-R,L1,R,32,38,70,18.446601941747574,15.841584158415841,保稳
PRESSURE,L1-E,L1,E,13,12,25,5.825242718446602,6.435643564356436,保稳
PRESSURE,L1-F,L1,F,2,0,2,0.0,0.9900990099009901,保稳
PRESSURE,L2-K,L2,K,26,22,48,10.679611650485437,12.871287128712872,拔高
PRESSURE,L2-R,L2,R,39,43,82,20.87378640776699,19.306930693069308,保稳
PRESSURE,L2-E,L2,E,14,17,31,8.25242718446602,6.930693069306931,拔高
PRESSURE,L2-F,L2,F,6,10,16,4.854368932038835,2.9702970297029703,保稳
PRESSURE,L3-K,L3,K,13,9,22,4.368932038834951,6.435643564356436,拔高
PRESSURE,L3-R,L3,R,16,24,40,11.650485436893204,7.920792079207921,拔高
PRESSURE,L3-E,L3,E,11,11,22,5.339805825242719,5.445544554455446,拔高
PRESSURE,L3-F,L3,F,3,2,5,0.970873786407767,1.4851485148514851,保稳
ENCOURAGE,L1-K,L1,K,23,31,54,7.398568019093079,13.529411764705882,拔高
ENCOURAGE,L1-R,L1,R,27,123,150,29.355608591885442,15.882352941176471,保稳
ENCOURAGE,L1-E,L1,E,8,32,40,7.637231503579952,4.705882352941177,保稳
ENCOURAGE,L1-F,L1,F,0,2,2,0.477326968973747,0.0,保稳
ENCOURAGE,L2-K,L2,K,19,41,60,9.785202863961814,11.176470588235293,拔高
ENCOURAGE,L2-R,L2,R,36,96,132,22.911694510739856,21.176470588235293,保稳
ENCOURAGE,L2-E,L2,E,12,17,29,4.05727923627685,7.0588235294117645,拔高
ENCOURAGE,L2-F,L2,F,5,14,19,3.341288782816229,2.9411764705882355,保稳
ENCOURAGE,L3-K,L3,K,9,14,23,3.341288782816229,5.294117647058823,拔高
ENCOURAGE,L3-R,L3,R,20,26,46,6.205250596658711,11.764705882352942,拔高
ENCOURAGE,L3-E,L3,E,8,19,27,4.534606205250597,4.705882352941177,拔高
ENCOURAGE,L3-F,L3,F,3,4,7,0.954653937947494,1.7647058823529411,保稳
CRITICAL,L1-K,L1,K,27,24,51,7.228915662650603,14.0625,拔高
CRITICAL,L1-R,L1,R,28,90,118,27.10843373493976,14.583333333333334,保稳
CRITICAL,L1-E,L1,E,7,27,34,8.132530120481928,3.6458333333333335,保稳
CRITICAL,L1-F,L1,F,2,1,3,0.30120481927710846,1.0416666666666667,保稳
CRITICAL,L2-K,L2,K,24,29,53,8.734939759036145,12.5,拔高
CRITICAL,L2-R,L2,R,40,77,117,23.19277108433735,20.833333333333332,保稳
CRITICAL,L2-E,L2,E,14,23,37,6.927710843373494,7.291666666666667,拔高
CRITICAL,L2-F,L2,F,5,15,20,4.518072289156627,2.6041666666666665,保稳
CRITICAL,L3-K,L3,K,14,6,20,1.8072289156626506,7.291666666666667,拔高
CRITICAL,L3-R,L3,R,16,22,38,6.626506024096385,8.333333333333334,拔高
CRITICAL,L3-E,L3,E,13,14,27,4.216867469879518,6.770833333333333,拔高
CRITICAL,L3-F,L3,F,2,4,6,1.2048192771084338,1.0416666666666667,保稳
MISLEADING,L1-K,L1,K,17,33,50,7.205240174672489,12.878787878787879,拔高
MISLEADING,L1-R,L1,R,13,125,138,27.292576419213972,9.848484848484848,保稳
MISLEADING,L1-E,L1,E,4,37,41,8.078602620087336,3.0303030303030303,保稳
MISLEADING,L1-F,L1,F,0,3,3,0.6550218340611353,0.0,保稳
MISLEADING,L2-K,L2,K,16,47,63,10.262008733624453,12.121212121212121,拔高
MISLEADING,L2-R,L2,R,38,98,136,21.397379912663755,28.78787878787879,保稳
MISLEADING,L2-E,L2,E,7,30,37,6.550218340611353,5.303030303030303,拔高
MISLEADING,L2-F,L2,F,5,16,21,3.493449781659389,3.787878787878788,保稳
MISLEADING,L3-K,L3,K,11,11,22,2.4017467248908297,8.333333333333334,拔高
MISLEADING,L3-R,L3,R,12,36,48,7.860262008733624,9.090909090909092,拔高
MISLEADING,L3-E,L3,E,8,16,24,3.493449781659389,6.0606060606060606,拔高
MISLEADING,L3-F,L3,F,1,6,7,1.3100436681222707,0.7575757575757576,保稳
HEURISTIC,L1-K,L1,K,13,36,49,6.666666666666667,8.666666666666666,拔高
HEURISTIC,L1-R,L1,R,25,179,204,33.148148148148145,16.666666666666668,保稳
HEURISTIC,L1-E,L1,E,8,31,39,5.7407407407407405,5.333333333333333,保稳
HEURISTIC,L1-F,L1,F,0,2,2,0.37037037037037035,0.0,保稳
HEURISTIC,L2-K,L2,K,20,37,57,6.851851851851852,13.333333333333334,拔高
HEURISTIC,L2-R,L2,R,36,140,176,25.925925925925927,24.0,保稳
HEURISTIC,L2-E,L2,E,14,22,36,4.074074074074074,9.333333333333334,拔高
HEURISTIC,L2-F,L2,F,4,16,20,2.962962962962963,2.6666666666666665,保稳
HEURISTIC,L3-K,L3,K,11,14,25,2.5925925925925926,7.333333333333333,拔高
HEURISTIC,L3-R,L3,R,11,35,46,6.481481481481482,7.333333333333333,拔高
HEURISTIC,L3-E,L3,E,7,22,29,4.074074074074074,4.666666666666667,拔高
HEURISTIC,L3-F,L3,F,1,6,7,1.1111111111111112,0.6666666666666666,保稳
