strategy,thinking_type,n_high,n_low,D_high,D_low,high_share,low_share,abbr
PRESSURE,Execution-limited,12,20,51,245,23.529411764705884,8.16326530612245,ES
PRESSURE,Expression expansion,32,32,118,291,27.11864406779661,10.996563573883162,EE
PRESSURE,Format preserving,12,9,38,87,31.57894736842105,10.344827586206897,FP
PRESSURE,Full-reasoning dependent,76,90,340,911,22.352941176470587,9.879253567508233,FR
PRESSURE,Local repair,8,6,34,40,23.529411764705884,15.0,LR
PRESSURE,Long-context fidelity,10,6,39,57,25.641025641025642,10.526315789473685,LC
PRESSURE,Plain-answer fragile,10,16,52,86,19.23076923076923,18.6046511627907,PF
PRESSURE,Reviewable repair,3,1,10,17,30.0,5.882352941176471,RV
PRESSURE,Routine recognition,27,14,98,124,27.551020408163264,11.290322580645162,RR
PRESSURE,Strict verification,1,0,5,3,20.0,0.0,SV
PRESSURE,Style preserving,9,12,49,84,18.367346938775512,14.285714285714286,SP
PRESSURE,Trajectory sensitive,2,0,12,10,16.666666666666668,0.0,TP
ENCOURAGE,Execution-limited,11,54,51,245,21.568627450980394,22.040816326530614,ES
ENCOURAGE,Expression expansion,20,60,118,291,16.949152542372882,20.61855670103093,EE
ENCOURAGE,Format preserving,8,17,38,87,21.05263157894737,19.54022988505747,FP
ENCOURAGE,Full-reasoning dependent,73,192,340,911,21.470588235294116,21.075740944017564,FR
ENCOURAGE,Local repair,4,10,34,40,11.764705882352942,25.0,LR
ENCOURAGE,Long-context fidelity,8,13,39,57,20.512820512820515,22.80701754385965,LC
ENCOURAGE,Plain-answer fragile,12,15,52,86,23.076923076923077,17.441860465116278,PF
ENCOURAGE,Reviewable repair,2,4,10,17,20.0,23.529411764705884,RV
ENCOURAGE,Routine recognition,18,33,98,124,18.367346938775512,26.612903225806452,RR
ENCOURAGE,Strict verification,1,0,5,3,20.0,0.0,SV
ENCOURAGE,Style preserving,10,18,49,84,20.408163265306122,21.428571428571427,SP
ENCOURAGE,Trajectory sensitive,3,3,12,10,25.0,30.0,TP
CRITICAL,Execution-limited,13,37,51,245,25.49019607843137,15.10204081632653,ES
CRITICAL,Expression expansion,25,59,118,291,21.1864406779661,20.274914089347078,EE
CRITICAL,Format preserving,8,20,38,87,21.05263157894737,22.988505747126435,FP
CRITICAL,Full-reasoning dependent,73,149,340,911,21.470588235294116,16.355653128430298,FR
CRITICAL,Local repair,8,5,34,40,23.529411764705884,12.5,LR
CRITICAL,Long-context fidelity,9,8,39,57,23.076923076923077,14.035087719298245,LC
CRITICAL,Plain-answer fragile,11,15,52,86,21.153846153846153,17.441860465116278,PF
CRITICAL,Reviewable repair,2,4,10,17,20.0,23.529411764705884,RV
CRITICAL,Routine recognition,26,16,98,124,26.53061224489796,12.903225806451612,RR
CRITICAL,Strict verification,2,0,5,3,40.0,0.0,SV
CRITICAL,Style preserving,12,17,49,84,24.489795918367346,20.238095238095237,SP
CRITICAL,Trajectory sensitive,3,2,12,10,25.0,20.0,TP
MISLEADING,Execution-limited,3,56,51,245,5.882352941176471,22.857142857142858,ES
MISLEADING,Expression expansion,13,78,118,291,11.016949152542374,26.804123711340207,EE
MISLEADING,Format preserving,6,21,38,87,15.789473684210526,24.137931034482758,FP
MISLEADING,Full-reasoning dependent,60,205,340,911,17.647058823529413,22.502744237102085,FR
MISLEADING,Local repair,8,9,34,40,23.529411764705884,22.5,LR
MISLEADING,Long-context fidelity,5,17,39,57,12.820512820512821,29.82456140350877,LC
MISLEADING,Plain-answer fragile,9,18,52,86,17.307692307692307,20.930232558139537,PF
MISLEADING,Reviewable repair,1,4,10,17,10.0,23.529411764705884,RV
MISLEADING,Routine recognition,16,28,98,124,16.3265306122449,22.580645161290324,RR
MISLEADING,Strict verification,1,1,5,3,20.0,33.333333333333336,SV
MISLEADING,Style preserving,8,18,49,84,16.3265306122449,21.428571428571427,SP
MISLEADING,Trajectory sensitive,2,3,12,10,16.666666666666668,30.0,TP
HEURISTIC,Execution-limited,12,78,51,245,23.529411764705884,31.836734693877553,ES
HEURISTIC,Expression expansion,28,62,118,291,23.728813559322035,21.305841924398624,EE
HEURISTIC,Format preserving,4,20,38,87,10.526315789473685,22.988505747126435,FP
HEURISTIC,Full-reasoning dependent,58,275,340,911,17.058823529411764,30.186608122941823,FR
HEURISTIC,Local repair,6,10,34,40,17.647058823529413,25.0,LR
HEURISTIC,Long-context fidelity,7,13,39,57,17.94871794871795,22.80701754385965,LC
HEURISTIC,Plain-answer fragile,10,22,52,86,19.23076923076923,25.58139534883721,PF
HEURISTIC,Reviewable repair,2,4,10,17,20.0,23.529411764705884,RV
HEURISTIC,Routine recognition,11,33,98,124,11.224489795918368,26.612903225806452,RR
HEURISTIC,Strict verification,0,2,5,3,0.0,66.66666666666667,SV
HEURISTIC,Style preserving,10,19,49,84,20.408163265306122,22.61904761904762,SP
HEURISTIC,Trajectory sensitive,2,2,12,10,16.666666666666668,20.0,TP
