strategy,thinking_type,level,target,n_high,n_low,D_high,D_low,high_share,low_share,gain
PRESSURE,L1-K,L1,K,27,18,107,142,25.233644859813083,12.67605633802817,拔高
PRESSURE,L1-R,L1,R,32,38,125,555,25.6,6.846846846846847,保稳
PRESSURE,L1-E,L1,E,13,12,40,139,32.5,8.633093525179856,保稳
PRESSURE,L1-F,L1,F,2,0,4,8,50.0,0.0,保稳
PRESSURE,L2-K,L2,K,26,22,105,176,24.761904761904763,12.5,拔高
PRESSURE,L2-R,L2,R,39,43,189,454,20.634920634920636,9.47136563876652,保稳
PRESSURE,L2-E,L2,E,14,17,61,109,22.950819672131146,15.596330275229358,拔高
PRESSURE,L2-F,L2,F,6,10,25,71,24.0,14.084507042253522,保稳
PRESSURE,L3-K,L3,K,13,9,58,54,22.413793103448278,16.666666666666668,拔高
PRESSURE,L3-R,L3,R,16,24,75,143,21.333333333333332,16.783216783216783,拔高
PRESSURE,L3-E,L3,E,11,11,47,82,23.404255319148938,13.414634146341463,拔高
PRESSURE,L3-F,L3,F,3,2,10,22,30.0,9.090909090909092,保稳
ENCOURAGE,L1-K,L1,K,23,31,107,142,21.49532710280374,21.830985915492956,拔高
ENCOURAGE,L1-R,L1,R,27,123,125,555,21.6,22.16216216216216,保稳
ENCOURAGE,L1-E,L1,E,8,32,40,139,20.0,23.02158273381295,保稳
ENCOURAGE,L1-F,L1,F,0,2,4,8,0.0,25.0,保稳
ENCOURAGE,L2-K,L2,K,19,41,105,176,18.095238095238095,23.295454545454547,拔高
ENCOURAGE,L2-R,L2,R,36,96,189,454,19.047619047619047,21.145374449339208,保稳
ENCOURAGE,L2-E,L2,E,12,17,61,109,19.672131147540984,15.596330275229358,拔高
ENCOURAGE,L2-F,L2,F,5,14,25,71,20.0,19.718309859154928,保稳
ENCOURAGE,L3-K,L3,K,9,14,58,54,15.517241379310345,25.925925925925927,拔高
ENCOURAGE,L3-R,L3,R,20,26,75,143,26.666666666666668,18.181818181818183,拔高
ENCOURAGE,L3-E,L3,E,8,19,47,82,17.02127659574468,23.170731707317074,拔高
ENCOURAGE,L3-F,L3,F,3,4,10,22,30.0,18.181818181818183,保稳
CRITICAL,L1-K,L1,K,27,24,107,142,25.233644859813083,16.901408450704224,拔高
CRITICAL,L1-R,L1,R,28,90,125,555,22.4,16.216216216216218,保稳
CRITICAL,L1-E,L1,E,7,27,40,139,17.5,19.424460431654676,保稳
CRITICAL,L1-F,L1,F,2,1,4,8,50.0,12.5,保稳
CRITICAL,L2-K,L2,K,24,29,105,176,22.857142857142858,16.477272727272727,拔高
CRITICAL,L2-R,L2,R,40,77,189,454,21.164021164021165,16.96035242290749,保稳
CRITICAL,L2-E,L2,E,14,23,61,109,22.950819672131146,21.10091743119266,拔高
CRITICAL,L2-F,L2,F,5,15,25,71,20.0,21.12676056338028,保稳
CRITICAL,L3-K,L3,K,14,6,58,54,24.137931034482758,11.11111111111111,拔高
CRITICAL,L3-R,L3,R,16,22,75,143,21.333333333333332,15.384615384615385,拔高
CRITICAL,L3-E,L3,E,13,14,47,82,27.659574468085108,17.073170731707318,拔高
CRITICAL,L3-F,L3,F,2,4,10,22,20.0,18.181818181818183,保稳
MISLEADING,L1-K,L1,K,17,33,107,142,15.88785046728972,23.239436619718308,拔高
MISLEADING,L1-R,L1,R,13,125,125,555,10.4,22.52252252252252,保稳
MISLEADING,L1-E,L1,E,4,37,40,139,10.0,26.618705035971225,保稳
MISLEADING,L1-F,L1,F,0,3,4,8,0.0,37.5,保稳
MISLEADING,L2-K,L2,K,16,47,105,176,15.238095238095237,26.704545454545453,拔高
MISLEADING,L2-R,L2,R,38,98,189,454,20.105820105820104,21.58590308370044,保稳
MISLEADING,L2-E,L2,E,7,30,61,109,11.475409836065573,27.522935779816514,拔高
MISLEADING,L2-F,L2,F,5,16,25,71,20.0,22.535211267605632,保稳
MISLEADING,L3-K,L3,K,11,11,58,54,18.96551724137931,20.37037037037037,拔高
MISLEADING,L3-R,L3,R,12,36,75,143,16.0,25.174825174825173,拔高
MISLEADING,L3-E,L3,E,8,16,47,82,17.02127659574468,19.51219512195122,拔高
MISLEADING,L3-F,L3,F,1,6,10,22,10.0,27.272727272727273,保稳
HEURISTIC,L1-K,L1,K,13,36,107,142,12.149532710280374,25.35211267605634,拔高
HEURISTIC,L1-R,L1,R,25,179,125,555,20.0,32.252252252252255,保稳
HEURISTIC,L1-E,L1,E,8,31,40,139,20.0,22.302158273381295,保稳
HEURISTIC,L1-F,L1,F,0,2,4,8,0.0,25.0,保稳
HEURISTIC,L2-K,L2,K,20,37,105,176,19.047619047619047,21.022727272727273,拔高
HEURISTIC,L2-R,L2,R,36,140,189,454,19.047619047619047,30.837004405286343,保稳
HEURISTIC,L2-E,L2,E,14,22,61,109,22.950819672131146,20.18348623853211,拔高
HEURISTIC,L2-F,L2,F,4,16,25,71,16.0,22.535211267605632,保稳
HEURISTIC,L3-K,L3,K,11,14,58,54,18.96551724137931,25.925925925925927,拔高
HEURISTIC,L3-R,L3,R,11,35,75,143,14.666666666666666,24.475524475524477,拔高
HEURISTIC,L3-E,L3,E,7,22,47,82,14.893617021276595,26.829268292682926,拔高
HEURISTIC,L3-F,L3,F,1,6,10,22,10.0,27.272727272727273,保稳
