scheme,title,scope,n_cats,n_tasks,gamma_rms_bin,z_bin,p_bin,gamma_rms_cont_raw,z_cont_raw,p_cont_raw,gamma_rms_cont_z,z_cont_z,p_cont_z,null_bin_mean,null_bin_sd,null_raw_sd,null_z_sd
v2,v2 认知层级×对象 (12类，原有),common,12,245,0.26071556499143517,-1.7247194081860298,0.9701492537313433,0.047919768739344164,-1.2660706794034566,0.8805970149253731,0.1903296802684108,-0.10877534432768303,0.5323383084577115,0.3228398955856164,0.036019963768785065,0.0062027016799508375,0.020748640041994507
s1,s1 需求维度 x 要求类型 (12类，新),common,9,245,0.21058132063726742,-1.1306460478645712,0.8606965174129353,0.036517842640848695,-0.786034557242459,0.8159203980099502,0.14382408099917454,-0.2002410364853284,0.5870646766169154,0.2495373833005678,0.034454693170224156,0.006605734583591351,0.02132164415811942
s2,s2 易错环节归因 (8类，新),common,8,245,0.2227567637432061,-1.2506399420170213,0.8955223880597015,0.03752825436134855,-1.1583930735028636,0.8756218905472637,0.16266853061310574,0.04776934031590849,0.48756218905472637,0.26980746698083796,0.03762130222848063,0.006481797863645714,0.022692877397432098
dataset,数据集/主题 (6类，基线),common,6,245,0.20266693595857696,-0.5801334518419041,0.6965174129353234,0.03280239478321506,-1.910001785005031,0.9800995024875622,0.11470902821648722,-0.20931720731079137,0.5920398009950248,0.22372009467078566,0.036290199514207686,0.011724806564441683,0.018637798732514563
v4,"v4 thinking actions (11, new)",common,10,245,0.2782836114519761,-0.5206734763026598,0.7064676616915423,0.05103120956410308,-0.25403612364222933,0.6069651741293532,0.2064131848976283,0.9512471296226975,0.1890547263681592,0.2973398950660278,0.03659929779671467,0.005665145545531458,0.021318783220958745
v2,v2 认知层级×对象 (12类，原有),all,12,683,0.2581129398174568,-0.8730888003120266,0.7711442786069652,0.07948121039966728,1.9258459254815572,0.03482587064676617,0.15768305054301354,0.5623585749738857,0.2935323383084577,0.28377777310865915,0.029395444406147664,0.006560580718587998,0.015809451107290384
s1,s1 需求维度 x 要求类型 (12类，新),all,10,683,0.22404583595221003,-0.5001813401732622,0.7064676616915423,0.0790707958217255,2.592739983019454,0.009950248756218905,0.11566559111443166,-0.004850319588498253,0.4975124378109453,0.23808741046160317,0.028072967505203522,0.0065920010881173234,0.014204138490395576
s2,s2 易错环节归因 (8类，新),all,8,683,0.21539100386277155,-0.8530472012751397,0.7910447761194029,0.07572731609671693,2.2203053246617452,0.01990049751243781,0.12582303561482158,0.7611025008574965,0.22885572139303484,0.24336760339428742,0.03279607446070546,0.0068202428981764115,0.015853948123492004
dataset,数据集/主题 (6类，基线),all,6,683,0.36502278580354314,6.231050068127878,0.004975124378109453,0.09995592713165359,13.169785135826762,0.004975124378109453,0.19115028640732154,7.192265575791147,0.004975124378109453,0.18503936839792043,0.02888492556435176,0.005331457941223915,0.013948895461489752
v4,"v4 thinking actions (11, new)",all,10,683,0.24009281374605193,-0.6869556812788473,0.7761194029850746,0.07430351322310388,1.7719320689888949,0.04477611940298507,0.14351283050342958,0.8801712032796847,0.17412935323383086,0.26035663141542625,0.029497998519570995,0.006387180019018833,0.0148721134172423
