strategy,action,n_high,n_low,n_total,D_high,D_low,high_share,low_share,net,is_target
PRESSURE,T1_RECALL,71,63,134,202,206,35.149,30.583,4.566,False
PRESSURE,T2_CHAIN,83,91,174,202,206,41.089,44.175,-3.086,True
PRESSURE,T3_PLAN,18,21,39,202,206,8.911,10.194,-1.283,False
PRESSURE,T4_CONSTRAINT,84,78,162,202,206,41.584,37.864,3.72,False
PRESSURE,T5_INTEGRATE,33,21,54,202,206,16.337,10.194,6.142,False
PRESSURE,T6_VERIFY,20,18,38,202,206,9.901,8.738,1.163,False
PRESSURE,T7_RESIST,20,19,39,202,206,9.901,9.223,0.678,False
PRESSURE,T8_EXPLORE,43,50,93,202,206,21.287,24.272,-2.985,False
PRESSURE,T9_REFRAME,16,16,32,202,206,7.921,7.767,0.154,False
PRESSURE,T10_PRAGMA,26,21,47,202,206,12.871,10.194,2.677,False
PRESSURE,T11_SUSTAIN,7,7,14,202,206,3.465,3.398,0.067,False
ENCOURAGE,T1_RECALL,54,107,161,170,419,31.765,25.537,6.228,False
ENCOURAGE,T2_CHAIN,81,224,305,170,419,47.647,53.461,-5.814,False
ENCOURAGE,T3_PLAN,15,35,50,170,419,8.824,8.353,0.47,False
ENCOURAGE,T4_CONSTRAINT,60,153,213,170,419,35.294,36.516,-1.221,False
ENCOURAGE,T5_INTEGRATE,23,44,67,170,419,13.529,10.501,3.028,False
ENCOURAGE,T6_VERIFY,15,27,42,170,419,8.824,6.444,2.38,False
ENCOURAGE,T7_RESIST,22,22,44,170,419,12.941,5.251,7.691,False
ENCOURAGE,T8_EXPLORE,35,78,113,170,419,20.588,18.616,1.972,True
ENCOURAGE,T9_REFRAME,14,24,38,170,419,8.235,5.728,2.507,False
ENCOURAGE,T10_PRAGMA,17,36,53,170,419,10.0,8.592,1.408,False
ENCOURAGE,T11_SUSTAIN,6,12,18,170,419,3.529,2.864,0.665,True
CRITICAL,T1_RECALL,60,94,154,192,332,31.25,28.313,2.937,False
CRITICAL,T2_CHAIN,81,174,255,192,332,42.188,52.41,-10.222,False
CRITICAL,T3_PLAN,19,29,48,192,332,9.896,8.735,1.161,False
CRITICAL,T4_CONSTRAINT,73,129,202,192,332,38.021,38.855,-0.835,False
CRITICAL,T5_INTEGRATE,32,31,63,192,332,16.667,9.337,7.329,False
CRITICAL,T6_VERIFY,22,21,43,192,332,11.458,6.325,5.133,True
CRITICAL,T7_RESIST,19,20,39,192,332,9.896,6.024,3.872,False
CRITICAL,T8_EXPLORE,44,63,107,192,332,22.917,18.976,3.941,False
CRITICAL,T9_REFRAME,15,16,31,192,332,7.812,4.819,2.993,False
CRITICAL,T10_PRAGMA,22,34,56,192,332,11.458,10.241,1.217,False
CRITICAL,T11_SUSTAIN,6,14,20,192,332,3.125,4.217,-1.092,False
MISLEADING,T1_RECALL,38,131,169,132,458,28.788,28.603,0.185,False
MISLEADING,T2_CHAIN,60,236,296,132,458,45.455,51.528,-6.074,False
MISLEADING,T3_PLAN,8,41,49,132,458,6.061,8.952,-2.891,False
MISLEADING,T4_CONSTRAINT,42,180,222,132,458,31.818,39.301,-7.483,False
MISLEADING,T5_INTEGRATE,23,48,71,132,458,17.424,10.48,6.944,False
MISLEADING,T6_VERIFY,16,33,49,132,458,12.121,7.205,4.916,False
MISLEADING,T7_RESIST,14,36,50,132,458,10.606,7.86,2.746,True
MISLEADING,T8_EXPLORE,21,93,114,132,458,15.909,20.306,-4.397,False
MISLEADING,T9_REFRAME,11,24,35,132,458,8.333,5.24,3.093,False
MISLEADING,T10_PRAGMA,16,42,58,132,458,12.121,9.17,2.951,False
MISLEADING,T11_SUSTAIN,5,15,20,132,458,3.788,3.275,0.513,False
HEURISTIC,T1_RECALL,50,120,170,150,540,33.333,22.222,11.111,False
HEURISTIC,T2_CHAIN,66,332,398,150,540,44.0,61.481,-17.481,False
HEURISTIC,T3_PLAN,17,33,50,150,540,11.333,6.111,5.222,False
HEURISTIC,T4_CONSTRAINT,63,169,232,150,540,42.0,31.296,10.704,False
HEURISTIC,T5_INTEGRATE,22,45,67,150,540,14.667,8.333,6.333,False
HEURISTIC,T6_VERIFY,12,38,50,150,540,8.0,7.037,0.963,False
HEURISTIC,T7_RESIST,16,32,48,150,540,10.667,5.926,4.741,False
HEURISTIC,T8_EXPLORE,30,82,112,150,540,20.0,15.185,4.815,True
HEURISTIC,T9_REFRAME,9,28,37,150,540,6.0,5.185,0.815,True
HEURISTIC,T10_PRAGMA,21,43,64,150,540,14.0,7.963,6.037,False
HEURISTIC,T11_SUSTAIN,4,17,21,150,540,2.667,3.148,-0.481,False
