strategy,op,op_name,n_on,n_off,rate_on,rate_off,dpp_raw,dpp_bal,w,p,target,q,sig
PRESSURE,T1_RECALL,检索回忆,118,239,0.5508474576271186,0.5062761506276151,0.04457130699950351,0.07388414055080716,117.0,0.19451371571072318,0,0.9296203934607924,False
PRESSURE,T2_CHAIN,链式推演,150,207,0.5066666666666667,0.5314009661835749,-0.024734299516908198,-0.023021844287249342,121.0,0.6907730673316709,1,0.9943890274314213,False
PRESSURE,T3_PLAN,分解规划,34,323,0.47058823529411764,0.5263157894736842,-0.05572755417956654,-0.10631450248850381,34.0,0.22693266832917705,0,0.9296203934607924,False
PRESSURE,T4_CONSTRAINT,约束对齐,138,219,0.5434782608695652,0.5068493150684932,0.03662894580107201,-0.007685250567238143,125.0,0.8902743142144638,0,0.9943890274314213,False
PRESSURE,T5_INTEGRATE,信息整合,52,305,0.6346153846153846,0.5016393442622951,0.13297604035308952,0.022481977483639143,51.0,0.8029925187032418,0,0.9943890274314213,False
PRESSURE,T6_VERIFY,校验纠错,36,321,0.5277777777777778,0.5202492211838006,0.00752855659397722,0.03464138971238365,34.0,0.683291770573566,0,0.9943890274314213,False
PRESSURE,T7_RESIST,抗扰判断,32,325,0.53125,0.52,0.011249999999999982,0.03608312643595739,31.0,0.7306733167082294,0,0.9943890274314213,False
PRESSURE,T8_EXPLORE,探索发散,81,276,0.49382716049382713,0.5289855072463768,-0.035158346752549696,-0.04998893407077139,81.0,0.428927680798005,0,0.9296203934607924,False
PRESSURE,T9_REFRAME,换表征,32,325,0.5,0.5230769230769231,-0.023076923076923106,0.02033921221173859,30.0,0.8329177057356608,0,0.9943890274314213,False
PRESSURE,T10_PRAGMA,语用改写,40,317,0.625,0.5078864353312302,0.11711356466876977,-0.09334975369458129,35.0,0.40399002493765584,0,0.9296203934607924,False
PRESSURE,T11_SUSTAIN,长程一致,14,343,0.5,0.521865889212828,-0.02186588921282795,-0.06388888888888888,8.0,1.0,0,1.0,False
ENCOURAGE,T1_RECALL,检索回忆,136,374,0.36764705882352944,0.26737967914438504,0.1002673796791444,-0.03951997176769132,136.0,0.4538653366583541,0,0.9296203934607924,False
ENCOURAGE,T2_CHAIN,链式推演,271,239,0.25830258302583026,0.33472803347280333,-0.07642545044697308,0.1083320673859505,134.0,0.05486284289276808,0,0.8229426433915212,False
ENCOURAGE,T3_PLAN,分解规划,43,467,0.32558139534883723,0.291220556745182,0.03436083860365524,-0.025580842958123174,43.0,0.7456359102244389,0,0.9943890274314213,False
ENCOURAGE,T4_CONSTRAINT,约束对齐,170,340,0.31176470588235294,0.2852941176470588,0.026470588235294135,-0.08960338559049771,156.0,0.06982543640897755,0,0.8229426433915212,False
ENCOURAGE,T5_INTEGRATE,信息整合,64,446,0.359375,0.28475336322869954,0.07462163677130046,0.007871545269317099,59.0,0.940149625935162,0,0.9943890274314213,False
ENCOURAGE,T6_VERIFY,校验纠错,40,470,0.375,0.2872340425531915,0.08776595744680848,0.004660632842841059,37.0,0.9251870324189526,0,0.9943890274314213,False
ENCOURAGE,T7_RESIST,抗扰判断,37,473,0.43243243243243246,0.2832980972515856,0.14913433518084684,0.06590241106582549,36.0,0.4089775561097257,0,0.9296203934607924,False
ENCOURAGE,T8_EXPLORE,探索发散,92,418,0.32608695652173914,0.28708133971291866,0.039005616808820476,-0.06518782778569993,92.0,0.2793017456359102,1,0.9296203934607924,False
ENCOURAGE,T9_REFRAME,换表征,36,474,0.3611111111111111,0.2890295358649789,0.07208157524613218,-0.03612240365064913,32.0,0.71571072319202,0,0.9943890274314213,False
ENCOURAGE,T10_PRAGMA,语用改写,43,467,0.3488372093023256,0.2890792291220557,0.0597579801802699,-0.01329012867474407,39.0,0.8977556109725686,0,0.9943890274314213,False
ENCOURAGE,T11_SUSTAIN,长程一致,17,493,0.35294117647058826,0.2920892494929006,0.060851926977687654,0.0379443326626425,14.0,0.8528678304239401,1,0.9943890274314213,False
CRITICAL,T1_RECALL,检索回忆,127,322,0.4330708661417323,0.37577639751552794,0.05729446862620435,-0.03917777462759873,127.0,0.456359102244389,0,0.9296203934607924,False
CRITICAL,T2_CHAIN,链式推演,223,226,0.336322869955157,0.4469026548672566,-0.11057978491209963,0.059130933787971345,130.0,0.2892768079800499,0,0.9296203934607924,False
CRITICAL,T3_PLAN,分解规划,39,410,0.41025641025641024,0.3902439024390244,0.02001250781738584,-0.09032738095238096,39.0,0.36658354114713215,0,0.9296203934607924,False
CRITICAL,T4_CONSTRAINT,约束对齐,160,289,0.40625,0.38408304498269896,0.022166955017301038,-0.11715673773926517,144.0,0.032418952618453865,0,0.8229426433915212,False
CRITICAL,T5_INTEGRATE,信息整合,58,391,0.5172413793103449,0.3734015345268542,0.14383984478349066,0.012519487814384297,56.0,0.8553615960099751,0,0.9943890274314213,False
CRITICAL,T6_VERIFY,校验纠错,41,408,0.5365853658536586,0.37745098039215685,0.15913438546150172,0.023520887977596418,38.0,0.830423940149626,1,0.9943890274314213,False
CRITICAL,T7_RESIST,抗扰判断,34,415,0.5294117647058824,0.38072289156626504,0.14868887313961732,0.1056800015910745,32.0,0.256857855361596,0,0.9296203934607924,False
CRITICAL,T8_EXPLORE,探索发散,87,362,0.4482758620689655,0.3784530386740331,0.0698228233949324,-0.025875487492220108,87.0,0.6783042394014963,0,0.9943890274314213,False
CRITICAL,T9_REFRAME,换表征,30,419,0.4666666666666667,0.38663484486873506,0.08003182179793161,0.006912976103091091,25.0,0.9351620947630923,0,0.9943890274314213,False
CRITICAL,T10_PRAGMA,语用改写,46,403,0.45652173913043476,0.38461538461538464,0.07190635451505012,-0.08826312576312575,42.0,0.3915211970074813,0,0.9296203934607924,False
CRITICAL,T11_SUSTAIN,长程一致,20,429,0.3,0.3962703962703963,-0.0962703962703963,-0.18125,15.0,0.20448877805486285,0,0.9296203934607924,False
MISLEADING,T1_RECALL,检索回忆,134,360,0.2462686567164179,0.2361111111111111,0.010157545605306795,-0.08277825431575316,134.0,0.11970074812967581,0,0.9296203934607924,False
MISLEADING,T2_CHAIN,链式推演,256,238,0.20703125,0.27310924369747897,-0.06607799369747897,0.0379643292369411,137.0,0.486284289276808,0,0.9552012825080157,False
MISLEADING,T3_PLAN,分解规划,41,453,0.1951219512195122,0.24282560706401765,-0.04770365584450545,-0.07733024393025477,41.0,0.3192019950124688,0,0.9296203934607924,False
MISLEADING,T4_CONSTRAINT,约束对齐,171,323,0.21052631578947367,0.25386996904024767,-0.043343653250773995,-0.10505613984939251,158.0,0.022443890274314215,0,0.8229426433915212,False
MISLEADING,T5_INTEGRATE,信息整合,69,425,0.3333333333333333,0.2235294117647059,0.10980392156862742,0.08286990537720383,61.0,0.22693266832917705,0,0.9296203934607924,False
MISLEADING,T6_VERIFY,校验纠错,45,449,0.3111111111111111,0.23162583518930957,0.07948527592180155,0.005828493119976691,42.0,0.9650872817955112,0,1.0,False
MISLEADING,T7_RESIST,抗扰判断,39,455,0.28205128205128205,0.23516483516483516,0.046886446886446886,-0.013629762690412798,38.0,0.9152119700748129,1,0.9943890274314213,False
MISLEADING,T8_EXPLORE,探索发散,89,405,0.2247191011235955,0.2419753086419753,-0.017256207518379807,-0.06764026115240322,89.0,0.24937655860349128,0,0.9296203934607924,False
MISLEADING,T9_REFRAME,换表征,34,460,0.3235294117647059,0.2326086956521739,0.090920716112532,0.010577997901941564,30.0,0.8778054862842892,0,0.9943890274314213,False
MISLEADING,T10_PRAGMA,语用改写,48,446,0.3333333333333333,0.22869955156950672,0.1046337817638266,0.14194157418038017,45.0,0.08478802992518704,0,0.8229426433915212,False
MISLEADING,T11_SUSTAIN,长程一致,20,474,0.25,0.23839662447257384,0.011603375527426157,-0.006518904823989563,13.0,1.0,0,1.0,False
HEURISTIC,T1_RECALL,检索回忆,136,466,0.3014705882352941,0.1781115879828326,0.12335900025246149,-0.014031987693485747,136.0,0.7855361596009975,0,0.9943890274314213,False
HEURISTIC,T2_CHAIN,链式推演,364,238,0.1510989010989011,0.28991596638655465,-0.13881706528765356,0.04212981552957414,145.0,0.3541147132169576,0,0.9296203934607924,False
HEURISTIC,T3_PLAN,分解规划,44,558,0.3181818181818182,0.1971326164874552,0.12104920169436298,0.04167695599558027,44.0,0.5935162094763092,0,0.9943890274314213,False
HEURISTIC,T4_CONSTRAINT,约束对齐,187,415,0.2727272727272727,0.17590361445783131,0.09682365826944139,-0.012608787786653386,165.0,0.7605985037406484,0,0.9943890274314213,False
HEURISTIC,T5_INTEGRATE,信息整合,65,537,0.3384615384615385,0.18994413407821228,0.1485174043833262,0.03989926216606395,65.0,0.5860349127182045,0,0.9943890274314213,False
HEURISTIC,T6_VERIFY,校验纠错,48,554,0.25,0.20216606498194944,0.047833935018050555,-0.07671948768536746,44.0,0.27680798004987534,0,0.9296203934607924,False
HEURISTIC,T7_RESIST,抗扰判断,38,564,0.2894736842105263,0.20035460992907803,0.0891190742814483,-0.022621784770122378,36.0,0.830423940149626,0,0.9943890274314213,False
HEURISTIC,T8_EXPLORE,探索发散,92,510,0.2608695652173913,0.19607843137254902,0.06479113384484228,-0.052914495732751546,92.0,0.3566084788029925,1,0.9296203934607924,False
HEURISTIC,T9_REFRAME,换表征,37,565,0.24324324324324326,0.20353982300884957,0.03970342023439369,-0.07927474140440667,36.0,0.30673316708229426,1,0.9296203934607924,False
HEURISTIC,T10_PRAGMA,语用改写,52,550,0.34615384615384615,0.19272727272727272,0.15342657342657343,0.14851090938047462,46.0,0.08977556109725686,0,0.8229426433915212,False
HEURISTIC,T11_SUSTAIN,长程一致,20,582,0.2,0.20618556701030927,-0.006185567010309256,-0.007518115942028981,16.0,0.9376558603491272,0,0.9943890274314213,False
