strategy,type,contrast,se,n
CRITICAL,Creative Tasks,9.791666666666666,2.8811076429040274,25
CRITICAL,Information/Advice seeking,10.0,4.238956239453293,5
CRITICAL,Math & Data Analysis,3.7760416666666665,4.009969730043245,8
CRITICAL,NA,2.755389240708757,0.6457664924165702,386
CRITICAL,Planning & Reasoning,10.3125,4.315396518580083,20
ENCOURAGE,Creative Tasks,4.055059523809524,3.447888978407389,28
ENCOURAGE,Information/Advice seeking,1.8518518518518523,5.2365490860479715,9
ENCOURAGE,Math & Data Analysis,-0.8101851851851853,3.1670482158592885,9
ENCOURAGE,NA,1.8275605852766346,0.5802622088876177,432
ENCOURAGE,Planning & Reasoning,5.978260869565218,4.131634572815401,23
MISLEADING,Creative Tasks,-5.008012820512821,3.3026528925046748,26
MISLEADING,Information/Advice seeking,-5.729166666666666,3.403967033838653,8
MISLEADING,Math & Data Analysis,-4.613095238095238,2.3933210479791307,7
MISLEADING,NA,-3.5259755158835895,0.7228018427706548,417
MISLEADING,Planning & Reasoning,-7.561728395061729,2.6939316580831467,27
HEURISTIC,Creative Tasks,-7.604166666666667,2.8138300388523634,30
HEURISTIC,Information/Advice seeking,-2.604166666666666,3.9124454836711027,8
HEURISTIC,Math & Data Analysis,1.5625,2.096313728906053,6
HEURISTIC,NA,-0.8284732243065578,0.6088433374182224,462
HEURISTIC,Planning & Reasoning,-5.368589743589744,2.863347523460119,26
