strategy,type,level,n,coverage,gain_rate,sat
PRESSURE,L1-E,-1.225827909972207,25,0.838792221084954,0.52,0.16
PRESSURE,L1-F,2.08333333333333,2,0.7308085977482088,1.0,0.0
PRESSURE,L1-K,6.644373726214394,45,1.0,0.6,0.0
PRESSURE,L1-R,-2.9539913478887545,70,1.0,0.45714285714285713,0.08571428571428572
PRESSURE,L2-E,1.0290820062236858,31,0.9319344933469806,0.45161290322580644,0.03225806451612903
PRESSURE,L2-F,-11.000876881574298,16,0.9319344933469806,0.375,0.0
PRESSURE,L2-K,0.5158961938917739,48,0.838792221084954,0.5416666666666666,0.020833333333333332
PRESSURE,L2-R,-10.333520148190999,82,1.0,0.47560975609756095,0.13414634146341464
PRESSURE,L3-E,2.3392186966905504,22,1.0,0.5,0.13636363636363635
PRESSURE,L3-F,8.043478260869566,5,0.8239508700102355,0.6,0.0
PRESSURE,L3-K,1.9059905606732643,22,1.0,0.5909090909090909,0.0
PRESSURE,L3-R,0.5155813652273906,40,1.0,0.4,0.025
CRITICAL,L1-E,-21.063968949783803,34,0.838792221084954,0.20588235294117646,0.14705882352941177
CRITICAL,L1-F,-32.29166666666667,3,0.7308085977482088,0.6666666666666666,0.0
CRITICAL,L1-K,-0.9699921102012965,51,1.0,0.5294117647058824,0.0
CRITICAL,L1-R,-15.357572049437252,118,1.0,0.23728813559322035,0.4067796610169492
CRITICAL,L2-E,-5.489088714342934,37,1.0,0.3783783783783784,0.10810810810810811
CRITICAL,L2-F,-10.143011486409643,20,1.0,0.25,0.0
CRITICAL,L2-K,-8.24247729704397,53,0.838792221084954,0.4528301886792453,0.018867924528301886
CRITICAL,L2-R,-11.419556546603626,117,1.0,0.3418803418803419,0.37606837606837606
CRITICAL,L3-E,5.356889002615716,27,1.0,0.48148148148148145,0.07407407407407407
CRITICAL,L3-F,1.6666666666666679,6,0.7308085977482088,0.3333333333333333,0.16666666666666666
CRITICAL,L3-K,-0.6556173945183676,20,1.0,0.7,0.0
CRITICAL,L3-R,-3.1383471069158544,38,1.0,0.42105263157894735,0.02631578947368421
ENCOURAGE,L1-E,-14.701030643159198,40,0.838792221084954,0.2,0.125
ENCOURAGE,L1-F,-77.08333333333333,2,0.7308085977482088,0.0,0.0
ENCOURAGE,L1-K,-5.056948032255096,54,1.0,0.42592592592592593,0.0
ENCOURAGE,L1-R,-10.204787863702332,150,1.0,0.18,0.5466666666666666
ENCOURAGE,L2-E,-4.186615624270502,29,1.0,0.41379310344827586,0.034482758620689655
ENCOURAGE,L2-F,-17.68836005913795,19,1.0,0.2631578947368421,0.0
ENCOURAGE,L2-K,-11.461828859060402,60,0.838792221084954,0.31666666666666665,0.03333333333333333
ENCOURAGE,L2-R,-12.996812489732994,132,1.0,0.2727272727272727,0.44696969696969696
ENCOURAGE,L3-E,-3.071512851131585,27,1.0,0.2962962962962963,0.18518518518518517
ENCOURAGE,L3-F,-25.578703703703702,7,0.7308085977482088,0.42857142857142855,0.14285714285714285
ENCOURAGE,L3-K,-13.062094848174686,23,1.0,0.391304347826087,0.0
ENCOURAGE,L3-R,-4.908587093961595,46,1.0,0.43478260869565216,0.021739130434782608
MISLEADING,L1-E,-35.596929869161414,41,0.838792221084954,0.0975609756097561,0.12195121951219512
MISLEADING,L1-F,-77.08333333333333,3,0.7308085977482088,0.0,0.0
MISLEADING,L1-K,-9.639836043207332,50,1.0,0.34,0.0
MISLEADING,L1-R,-24.43283903434917,138,1.0,0.09420289855072464,0.463768115942029
MISLEADING,L2-E,-17.350626919140225,37,1.0,0.1891891891891892,0.10810810810810811
MISLEADING,L2-F,-18.537413757155313,21,1.0,0.23809523809523808,0.0
MISLEADING,L2-K,-21.113160278810067,63,0.838792221084954,0.25396825396825395,0.047619047619047616
MISLEADING,L2-R,-15.25221514724792,136,1.0,0.27941176470588236,0.39705882352941174
MISLEADING,L3-E,-8.196150346866824,24,1.0,0.3333333333333333,0.20833333333333334
MISLEADING,L3-F,-49.88425925925926,7,0.7308085977482088,0.14285714285714285,0.14285714285714285
MISLEADING,L3-K,-11.086677612873878,22,1.0,0.5,0.0
MISLEADING,L3-R,-13.495702073619166,48,1.0,0.25,0.020833333333333332
HEURISTIC,L1-E,-20.032540166768353,39,0.838792221084954,0.20512820512820512,0.1282051282051282
HEURISTIC,L1-F,-52.08333333333333,2,0.7308085977482088,0.0,0.0
HEURISTIC,L1-K,-15.498972766117086,49,1.0,0.2653061224489796,0.0
HEURISTIC,L1-R,-14.809436483566472,204,1.0,0.12254901960784313,0.6372549019607843
HEURISTIC,L2-E,-4.225700164744645,36,0.9319344933469806,0.3888888888888889,0.05555555555555555
HEURISTIC,L2-F,-29.464379023493013,20,0.9068577277379735,0.2,0.0
HEURISTIC,L2-K,-15.099400040675205,57,0.838792221084954,0.3508771929824561,0.03508771929824561
HEURISTIC,L2-R,-11.745291187668062,176,1.0,0.20454545454545456,0.5852272727272727
HEURISTIC,L3-E,-7.481862940217599,29,1.0,0.2413793103448276,0.1724137931034483
HEURISTIC,L3-F,-12.130434782608694,7,0.8239508700102355,0.14285714285714285,0.14285714285714285
HEURISTIC,L3-K,-24.800267258046173,25,1.0,0.44,0.0
HEURISTIC,L3-R,-12.34719142120626,46,1.0,0.2391304347826087,0.021739130434782608
