name,n_types,p_mean,p_sd,p_pos,o_sd,o_mean,o_specialty,c_inter,rel,rev_pairs,partition,kind,score,R1,R2,R3,R4,total
agg4 x level,3,-0.6202781725162895,2.218704356676075,0.6666666666666666,3.614475803796058,-11.882248473193506,0.25,1.9925992529459933,0.875,1,agg4 x level,content,0.1297365062853595,0.249,0.361,0.684,0.875,0.54225
v2 operation level (3),3,-0.2747654254838679,2.58831938808959,0.6666666666666666,3.3000902668343506,-11.679878183929576,0.25,1.7267504363300776,1.0,0,v2 operation level (3),reference,0.04203624402861367,0.144,0.338,0.665,1.0,0.5367500000000001
agg5 x level,3,-0.9003711357463887,2.0602762852569936,0.3333333333333333,4.143363926572695,-12.420291047660163,0.25,2.0753287638635483,0.7499999999999999,1,agg5 x level,content,0.137355685693314,0.256,0.371,0.717,0.75,0.5235
agg6 x level,3,-0.9502108246597727,2.0080315758458194,0.3333333333333333,4.035085847104926,-12.493940732561006,0.25,2.0458294125869148,0.7499999999999999,1,agg6 x level,content,0.1363285634095016,0.254,0.374,0.711,0.75,0.52225
agg7 x level,5,-2.679117627636966,5.493426710145871,0.4,5.797153416012894,-12.882407907082756,0.25,2.5706097658338396,0.6357142857142857,2,agg7 x level,content,0.20280962766448396,0.381,0.157,0.821,0.636,0.49875
GENRE x output-constraint,7,1.4847461180267991,6.286560034029699,0.6666666666666666,5.02019109158544,-11.659637206372784,0.5,2.597613068678275,0.5982142857142858,0,GENRE x output-constraint,content,0.06942108192408665,0.216,0.355,0.73,0.598,0.47475
agg8 x level,5,-2.5469202736748517,5.588482124159233,0.4,5.877152050800387,-13.00561024467954,0.25,2.6968476955566008,0.5142857142857142,2,agg8 x level,content,0.20561501152832556,0.391,0.151,0.826,0.514,0.4705
km16_merge4,4,-1.0136690995655595,6.554005438051046,0.25,6.686786671677943,-11.749603685657307,0.75,2.185366507300974,0.6,1,km16_merge4,content,0.11424500833959846,0.265,0.09,0.793,0.6,0.43700000000000006
v2 target (4),3,0.14138902613562987,4.594018747110909,0.6666666666666666,3.2390722623125403,-11.355977481351369,0.25,1.7002190787295786,0.7,0,v2 target (4),reference,0.023686111987187015,0.142,0.236,0.661,0.7,0.43475
agg7 x len,6,-3.854783562808168,6.3570482825368835,0.3333333333333333,6.335375482635372,-13.566820299068894,0.75,2.861659955686708,0.4571428571428572,2,agg7 x len,content,0.20548633218656412,0.405,0.103,0.771,0.457,0.434
agg8 x len,6,-3.780656757712117,6.438170619735047,0.3333333333333333,6.3771644929587,-13.64896490471105,0.75,2.996756658205417,0.4142857142857143,2,agg8 x len,content,0.2083659439549752,0.416,0.098,0.774,0.414,0.4255
random_4,6,-1.0976028652364986,1.6882910948545011,0.16666666666666666,2.7695843089423198,-13.419045516028298,0.25,1.300872755594638,0.5142857142857143,0,random_4,random,0.03641079025838834,0.108,0.394,0.631,0.514,0.41175
GENRE (5),5,0.7047783996883021,5.981615383246204,0.25,5.111220457400739,-11.011303631933158,0.5,2.4888893373343786,0.49999999999999994,0,GENRE (5),content,0.046026071029065224,0.207,0.175,0.736,0.5,0.40449999999999997
agg8 x fmt,3,-1.6895682164402555,6.26602652526962,0.3333333333333333,3.9118457699172695,-13.665217414085978,0.25,2.074844391864865,0.625,0,agg8 x fmt,content,0.018549687818304947,0.173,0.108,0.703,0.625,0.40225
km16_merge5,5,-0.6798920179314749,5.869962883105709,0.4,5.886564524021391,-11.411022408678551,1.0,2.2275521557840423,0.49999999999999994,1,km16_merge5,content,0.1161384089937044,0.269,0.133,0.701,0.5,0.40075
agg7 x fmt,3,-1.7944382441572648,6.230271500017137,0.3333333333333333,3.9619900497420835,-13.661934173044093,0.25,1.9283094474903573,0.625,0,agg7 x fmt,content,0.015619946560153183,0.161,0.111,0.706,0.625,0.40075
km20_merge4,4,-0.1469394118882522,5.388451541472896,0.25,2.9186078891929244,-13.651349550346218,0.0,2.3531579286149666,0.5499999999999999,0,km20_merge4,content,0.02683399196959213,0.196,0.163,0.682,0.55,0.39775
GENRE x level x output-constraint,6,-1.9646380825259133,5.954309776018958,0.3333333333333333,5.809803486833456,-11.65788576637138,1.25,3.0971572798507894,0.46331215412994475,1,GENRE x level x output-constraint,content,0.13645936038733109,0.341,0.128,0.655,0.463,0.39675000000000005
agg4 x len,3,-1.4083146047728243,2.062812399895804,0.3333333333333333,4.8064587715094955,-12.897158028928219,0.25,2.0730027668427606,0.125,1,agg4 x len,content,0.14224538595843217,0.256,0.371,0.759,0.125,0.37775000000000003
agg5 x len,3,-1.6676393813311152,2.150648962400981,0.3333333333333333,4.830415893915826,-13.31029051902769,0.25,2.1094791021549977,0.125,1,agg5 x len,content,0.14245860713423383,0.259,0.366,0.76,0.125,0.3775
agg6 x len,3,-1.7025219195363437,2.1074623856026293,0.3333333333333333,4.72895380041012,-13.383928549541183,0.25,2.0900115063368796,0.125,1,agg6 x len,content,0.1416428173054716,0.258,0.368,0.754,0.125,0.37625
km16_merge6,6,-1.5778590652855382,5.75797216620787,0.3333333333333333,5.6796721755946225,-11.70905099505641,1.25,2.3288375336794047,0.3857142857142858,1,km16_merge6,content,0.11823875799686609,0.277,0.14,0.647,0.386,0.36250000000000004
km20_merge6,4,-0.506200142403123,5.91828761866174,0.25,3.1893176875787956,-13.719923351946637,0.0,2.2140117108390704,0.3642857142857143,0,km20_merge6,content,0.020087299241200327,0.185,0.13,0.699,0.364,0.34450000000000003
km20_merge5,4,-0.1675015090205083,5.391141923584969,0.25,3.1100588275678795,-13.550912339010146,0.0,2.300404077449807,0.32499999999999996,0,km20_merge5,content,0.026924123907154582,0.192,0.163,0.694,0.325,0.34349999999999997
random_6,6,-0.9102599234807774,2.171497875056755,0.3333333333333333,3.734266532059969,-12.105103673620365,0.5,1.4346373274627562,0.17142857142857146,0,random_6,random,0.04215795342645112,0.12,0.364,0.65,0.171,0.32625
km8_merge5,2,1.0163873824848721,6.19581903088989,0.5,1.9138876620895326,-11.233713902880703,0.25,1.0274806594056125,0.37500000000000006,0,km8_merge5,content,-0.006671205620814018,0.086,0.254,0.578,0.375,0.32325
GENRE x level,8,-0.7758914912304904,5.694905030107846,0.375,5.6382622866056655,-10.900620596917538,1.75,2.8478499317247863,0.34025927444148396,0,GENRE x level,content,0.05653416514158369,0.237,0.144,0.561,0.34,0.3205
family,6,0.4233540790649781,7.4025708184627135,0.2,4.996044629902071,-11.490137036998407,1.0,2.547491142893096,0.34285714285714286,0,family,reference,0.029672029586355647,0.212,0.061,0.646,0.343,0.3155
km12_merge5,2,-1.7033763180459716,2.1608838892865756,0.0,2.347953977822077,-11.19243680211009,0.0,1.4685531064466608,0.075,0,km12_merge5,content,0.03271464360196634,0.122,0.365,0.647,0.075,0.30224999999999996
agg4 x fmt,2,0.820677589516214,4.70420461040327,0.5,4.497869881588896,-12.4492412124942,0.25,1.4964721839197959,,0,agg4 x fmt,content,0.036413946448622114,0.125,0.32,0.739,0.0,0.296
random_7,6,-0.7477266395357941,2.1663557932646564,0.5,4.590240283913818,-12.975939318761293,0.5,1.2670124326710441,-0.2,0,random_7,random,0.04443855501348318,0.106,0.365,0.704,0.0,0.29374999999999996
random_2,6,-0.8440460971772183,5.323617810390058,0.5,3.9569857612014947,-12.92863964536,0.25,1.3208905877715105,0.18571428571428575,0,random_2,random,0.009463479799398392,0.11,0.167,0.706,0.186,0.29225
km12_merge4,3,-2.587990324215845,2.1638704700662834,0.0,2.8955531933057195,-12.380268210207346,0.0,1.30105342879636,-0.2,0,km12_merge4,content,0.03260427996903906,0.108,0.365,0.681,0.0,0.2885
km12_merge6,2,-1.7033763180459716,2.1608838892865756,0.0,2.347953977822077,-11.19243680211009,0.0,1.464573373662907,0.014285714285714249,0,km12_merge6,content,0.03261515028237249,0.122,0.365,0.647,0.014,0.287
agg5 x fmt,2,0.5518083454168092,4.790664400289558,0.5,4.389800378867384,-13.141176112547939,0.25,1.5071747568549299,,0,agg5 x fmt,content,0.030973352941235183,0.126,0.277,0.733,0.0,0.28400000000000003
agg6 x fmt,2,0.5191617625089537,4.836833640602985,0.5,4.455924581964412,-13.18214451355464,0.25,1.5103958657109589,,0,agg6 x fmt,content,0.030598421039111506,0.126,0.27,0.737,0.0,0.28325
km8_merge4,2,1.1922519469859774,5.947108978631589,0.5,2.220130142510078,-11.450260037473459,0.25,1.0960959299034674,0.15000000000000002,0,km8_merge4,content,0.0024660637348860384,0.091,0.294,0.597,0.15,0.283
v2_12,7,-0.8297723020706737,5.130454627427206,0.5714285714285714,6.211236314624429,-12.851337677741151,1.25,2.583676273056393,0.05357142857142858,0,v2_12,content,0.05987163291182099,0.215,0.179,0.68,0.054,0.28200000000000003
v2 12 types,7,-0.8297723020706737,5.130454627427206,0.5714285714285714,6.211236314624429,-12.851337677741151,1.25,2.583676273056393,0.05357142857142858,0,v2 12 types,reference,0.05987163291182099,0.215,0.179,0.68,0.054,0.28200000000000003
km8_merge6,2,0.8877154548588759,6.013849445744516,0.5,1.985529951253718,-11.183055154392981,0.25,1.017593458882176,0.18571428571428572,0,km8_merge6,content,-0.006491451528104757,0.085,0.247,0.582,0.186,0.27499999999999997
random_0,6,-1.615840974162565,2.498187460111378,0.16666666666666666,2.7172169953547374,-12.804577851455695,0.0,0.965565851087092,-0.31428571428571433,0,random_0,random,0.019536399141224053,0.08,0.344,0.67,0.0,0.2735
random_5,6,-0.979197964153585,3.1652793017737992,0.3333333333333333,2.656503309459586,-12.346446404726366,0.0,1.3827852919667476,-0.12857142857142856,0,random_5,random,0.022840614102377595,0.115,0.302,0.666,0.0,0.27075
agg8,2,-3.0765359844290376,5.306048159559989,0.5,2.3384670025945082,-13.548667465750787,0.0,1.9801179768870485,0.0,0,agg8,content,0.013980970346035133,0.165,0.168,0.646,0.0,0.24475000000000002
agg7,2,-3.212011421360011,5.114456959283785,0.5,2.406423195956333,-13.500615180601017,0.0,1.7427770396848195,0.0,0,agg7,content,0.010473030368955132,0.145,0.18,0.65,0.0,0.24375
random_1,6,-0.3874780536267764,4.813609065178532,0.3333333333333333,3.320914456150215,-12.172656284664868,0.5,1.4758329269184816,-0.24285714285714285,0,random_1,random,0.013666590942303325,0.123,0.199,0.624,0.0,0.2365
random_3,6,-0.7097609188463131,3.8129816451832292,0.5,3.8874099237149373,-11.81564202985173,1.0,0.9686232941873741,-0.32857142857142857,0,random_3,random,0.01524134033071408,0.081,0.262,0.576,0.0,0.22975
agg4,1,-1.2677000972702053,,0.0,,-12.633431152520107,0.0,,,0,agg4,content,,,,,0.0,
agg5,1,-1.6020924764691267,,0.0,,-13.068995317040347,0.0,,,0,agg5,content,,,,,0.0,
agg6,1,-1.6489698704179285,,0.0,,-13.136458671640494,0.0,,,0,agg6,content,,,,,0.0,
