partition,k,inter,null,sd_null,p,rel,reversals,argmax3,cells_min,cells_med
v4 primary action (11),10,6.513564133190043,4.055833693183528,0.7831854111181411,0.005,0.30000000000000004,5,"[('ENCOURAGE', 3), ('HEURISTIC', 2), ('CRITICAL', 1)]",1.0,9.0
v2 12 types (current),10,5.501833216318447,4.255436234793681,0.7226604073392625,0.045,0.19999999999999996,5,"[('ENCOURAGE', 4), ('CRITICAL', 3), ('HEURISTIC', 1)]",2.0,14.0
target x level,10,5.501833216318447,4.255436234793681,0.7226604073392625,0.045,0.19999999999999996,5,"[('ENCOURAGE', 4), ('CRITICAL', 3), ('HEURISTIC', 1)]",2.0,14.0
12 types x family,10,5.501833216318447,4.255436234793681,0.7226604073392625,0.045,0.19999999999999996,5,"[('ENCOURAGE', 4), ('CRITICAL', 3), ('HEURISTIC', 1)]",2.0,14.0
category (8),8,4.895307806508128,3.987645125166277,0.5930426951031604,0.06,0.19464285714285712,5,"[('CRITICAL', 4), ('HEURISTIC', 2), ('ENCOURAGE', 2)]",11.0,19.5
task length (3),3,4.166925279222205,2.2542657145424,0.6685360644795914,0.005,0.125,5,"[('ENCOURAGE', 2), ('CRITICAL', 1)]",46.0,50.0
needs format (2),2,4.029207962318315,2.363456452673314,0.9570240596013825,0.06,,0,"[('CRITICAL', 1), ('ENCOURAGE', 1)]",21.0,73.5
target (4),4,3.911897120187289,2.8982440161797753,0.782841106051332,0.105,-0.4,5,"[('CRITICAL', 2), ('HEURISTIC', 1), ('ENCOURAGE', 1)]",15.0,37.0
target x family,4,3.911897120187289,2.8982440161797753,0.782841106051332,0.105,-0.4,5,"[('CRITICAL', 2), ('HEURISTIC', 1), ('ENCOURAGE', 1)]",15.0,37.0
operation level (3),3,1.1630725899121712,2.3180086881260475,0.7030901680850685,0.965,-0.25,2,"[('ENCOURAGE', 2), ('CRITICAL', 1)]",30.0,48.0
eval family (6),1,,,,0.0,,0,"[('ENCOURAGE', 1)]",146.0,153.0
primary_tag (9),1,,,,0.0,,0,"[('ENCOURAGE', 1)]",146.0,153.0
primary_group (4),1,,,,0.0,,0,"[('ENCOURAGE', 1)]",146.0,153.0
"skill (first, 8)",1,,,,0.0,,0,"[('ENCOURAGE', 1)]",146.0,153.0
"domain (first, 6)",1,,,,0.0,,0,"[('ENCOURAGE', 1)]",146.0,153.0
n_ops (1/2/3+),0,,,,0.0,,0,[],,
level_label (5),0,,,,0.0,,0,[],,
