inter,null,sd_null,p,rel,n_rel_types,reversals,n_types,cells_min,cells_med,argmax,partition,score
3.406263693125153,2.1189384100442137,0.5443179551113684,0.02,0.6499999999999999,2,6,12,6.0,16.0,"['HEURISTIC', 'ENCOURAGE', 'CRITICAL']",kmeans text (k=12),2.214071400531349
2.9479996681651763,1.9093506980430217,0.6423072977504862,0.06333333333333334,0.75,2,1,5,5.0,24.0,['CRITICAL'],primary_group (4),2.2109997511238824
2.1961724432648237,0.967322089016102,0.31445059636631056,0.0,0.875,4,3,3,126.0,166.5,"['CRITICAL', 'ENCOURAGE']",task length tercile (3),1.9216508878567207
2.547491142893096,1.4837217558840188,0.28791901664907343,0.0033333333333333335,0.7428571428571429,4,1,6,58.0,74.5,"['CRITICAL', 'ENCOURAGE']",family (6),1.8924219918634428
3.1122784910926535,2.4007531135727187,0.3526673027584073,0.02666666666666667,0.47891704326856704,4,5,17,9.0,26.5,"['ENCOURAGE', 'CRITICAL', 'MISLEADING', 'HEURISTIC']",family x level,1.4905232127824508
1.7267504363300776,1.0631494481578185,0.34481445901540003,0.04666666666666667,0.625,4,1,3,77.0,189.5,"['CRITICAL', 'ENCOURAGE']",operation level (3),1.0792190227062985
3.4015314093270623,2.419207314961545,0.3683861575557674,0.016666666666666666,0.3107142857142857,4,5,21,2.0,20.5,"['CRITICAL', 'ENCOURAGE', 'HEURISTIC']",family x target,1.056904402183766
3.381016365632561,2.1475728987007816,0.42422751135724307,0.006666666666666667,0.3107142857142857,4,4,24,1.0,9.0,"['CRITICAL', 'ENCOURAGE', 'HEURISTIC']",v2 12 types x has_fmt,1.0505300850358315
2.4187754437971085,1.3328204139593243,0.4184863386624217,0.02,0.375,4,2,4,20.0,93.5,['CRITICAL'],target (4),0.9070407914239157
3.0627736315379974,2.184594244728799,0.4438457751062898,0.03333333333333333,0.2928571428571428,4,5,7,22.0,34.0,"['CRITICAL', 'ENCOURAGE']",domain0 (6+other),0.8969551349504135
2.0848986366179485,0.9447188833405308,0.31174068217739304,0.0,0.25,4,1,3,113.0,153.5,['CRITICAL'],n_ops (3),0.5212246591544871
3.295814819158838,2.0236064131131646,0.4931700486329273,0.01,0.07499999999999996,4,2,10,7.0,20.5,"['CRITICAL', 'ENCOURAGE']",v4 primary action (~11),0.24718611143691271
2.9263204545205417,2.1395713204344586,0.40205335587503205,0.03333333333333333,-0.05714285714285714,4,3,12,2.0,28.5,"['CRITICAL', 'ENCOURAGE', 'HEURISTIC']",v2 12 types,0.0
1.7714265191520022,1.882766154858267,0.4756717447064123,0.5766666666666667,0.0,4,3,8,14.0,24.5,"['CRITICAL', 'ENCOURAGE']",skill0 (7+other),0.0
2.6743739553310695,2.127515656582535,0.4542046414824698,0.11333333333333333,-0.39999999999999997,1,3,8,11.0,24.5,"['CRITICAL', 'ENCOURAGE', 'HEURISTIC', 'MISLEADING']",kmeans text (k=8),0.0
,,,0.0,,0,0,9,7.0,10.0,['CRITICAL'],category (8),
3.792561283625187,1.6921366942018992,0.8490851310208145,0.023333333333333334,,0,0,10,1.0,7.0,['CRITICAL'],primary_tag (9),
1.4198199899195791,0.9338381398769571,0.45854330516282216,0.15,,0,0,2,84.0,224.0,['CRITICAL'],needs format (2),
1.2126015396600063,0.810191995468013,0.3514513950926458,0.11666666666666667,,0,0,2,127.0,226.0,"['CRITICAL', 'ENCOURAGE']",T1_RECALL vs rest,
1.3621211779385183,0.6759935591036342,0.3024264835736664,0.02,,0,0,2,219.0,235.0,['CRITICAL'],T2_CHAIN vs rest,
2.5866068750372473,1.2696488453641503,0.6300429070946065,0.03666666666666667,,0,0,2,37.0,225.0,['CRITICAL'],T3_PLAN vs rest,
1.6242771132466693,0.7208112471938631,0.3272930634684428,0.02,,0,0,2,159.0,229.5,['CRITICAL'],T4_CONSTRAINT vs rest,
2.1123739043589245,1.0370213334380272,0.47850641088718754,0.02,,0,0,2,58.0,227.0,['CRITICAL'],T5_INTEGRATE vs rest,
2.669014003121815,1.29796399629976,0.5498471015414881,0.023333333333333334,,0,0,2,40.0,225.5,['CRITICAL'],T6_VERIFY vs rest,
0.791861673673306,1.3896903338578819,0.6350378887928472,0.7933333333333333,,0,0,2,34.0,224.0,"['CRITICAL', 'ENCOURAGE']",T7_RESIST vs rest,
1.488400112282997,0.8845947590976395,0.409956151664339,0.08,,0,0,2,87.0,224.0,['CRITICAL'],T8_EXPLORE vs rest,
2.3749569172475664,1.4567231828504295,0.6819255495543252,0.1,,0,0,2,30.0,225.0,['CRITICAL'],T9_REFRAME vs rest,
1.039184932780258,1.1857186359123049,0.5561792369695182,0.5533333333333333,,0,0,2,43.0,224.0,['CRITICAL'],T10_PRAGMA vs rest,
0.22314477234710078,1.7753508978217727,1.156249949817087,0.86,,0,0,2,17.0,222.5,"['CRITICAL', 'HEURISTIC']",T11_SUSTAIN vs rest,
2.998819137454916,2.456060867535948,0.5668696340098414,0.15666666666666668,,0,3,54,1.0,3.0,"['CRITICAL', 'ENCOURAGE', 'MISLEADING']",family x v4primary,
2.776606785091905,1.903404602504761,0.6273567662391455,0.11333333333333333,,0,3,4,18.0,26.5,"['CRITICAL', 'MISLEADING']",kmeans text (k=4),
2.7294443456705126,1.644597009021368,0.5283616979062075,0.03,,0,2,6,4.0,23.0,"['CRITICAL', 'HEURISTIC', 'MISLEADING']",kmeans text (k=6),
