partition,rel_prof,L_n_types,C_inter,C_rev,C_rev_pairs,C_inter_sd,L_p_mean,L_p_sd,L_p_pos,L_o_mean_sd,L_o_mean,L_o_range,L_o_specialty,L_o_range_min,ok_cells,score
agg8 x len,0.4142857142857143,6,2.996756658205417,35,6,1.046383513796827,-3.780656757712117,6.438170619735047,0.3333333333333333,6.3771644929587,-13.64896490471105,27.110327594893022,0.75,10.8963495063645,True,0.5083659439549751
agg8 x level,0.5142857142857142,5,2.6968476955566008,30,5,1.2434149121553504,-2.5469202736748517,5.588482124159233,0.4,5.877152050800387,-13.00561024467954,28.094173874516454,0.25,12.034243812115559,True,0.4306150115283256
agg7 x level,0.6357142857142857,5,2.5706097658338396,19,4,1.0898402868657175,-2.679117627636966,5.493426710145871,0.4,5.797153416012894,-12.882407907082756,27.09522430247545,0.25,11.720320290661832,True,0.352809627664484
agg5 x level,0.7499999999999999,3,2.0753287638635483,10,3,1.950732173901346,-0.9003711357463887,2.0602762852569936,0.3333333333333333,4.143363926572695,-12.420291047660163,24.66025945559253,0.25,2.627375870083137,True,0.28735568569331393
agg6 x level,0.7499999999999999,3,2.0458294125869148,10,3,2.001083167412774,-0.9502108246597727,2.0080315758458194,0.3333333333333333,4.035085847104926,-12.493940732561008,24.29183406854463,0.25,2.6593389865044177,True,0.28632856340950164
agg4 x level,0.875,3,1.9925992529459933,9,3,1.9014064789350773,-0.6202781725162895,2.218704356676075,0.6666666666666666,3.614475803796058,-11.882248473193505,22.544585055501543,0.25,2.6844774341895636,True,0.2797365062853595
agg8 x fmt,0.625,3,2.074844391864865,15,3,1.0362455876805707,-1.6895682164402555,6.26602652526962,0.3333333333333333,3.9118457699172695,-13.665217414085978,18.972469289480948,0.25,3.111264974703836,True,0.243549687818305
agg5 x len,0.125,3,2.1094791021549977,6,2,2.155784953004529,-1.6676393813311152,2.150648962400981,0.3333333333333333,4.830415893915826,-13.310290519027689,20.835831346254793,0.25,6.005296965009336,True,0.21745860713423382
agg4 x len,0.125,3,2.0730027668427606,6,2,2.2636576125442014,-1.4083146047728243,2.062812399895804,0.3333333333333333,4.8064587715094955,-12.897158028928219,22.12278203194675,0.25,4.596489908323539,True,0.21724538595843218
agg6 x len,0.125,3,2.0900115063368796,6,2,2.1673591542190023,-1.7025219195363437,2.1074623856026293,0.3333333333333333,4.72895380041012,-13.383928549541183,20.505980649664284,0.25,6.02843021724696,True,0.2166428173054716
agg7 x len,0.4571428571428572,6,2.861659955686708,10,2,0.666235135420016,-3.854783562808168,6.3570482825368835,0.3333333333333333,6.335375482635372,-13.566820299068894,26.778857392875643,0.75,10.770832212959956,True,0.20548633218656412
km20_merge5,0.32499999999999996,4,2.4574592519356955,5,2,1.7135845274159267,-0.1675015090205083,5.391141923584969,0.25,3.1100588275678795,-13.550912339010146,19.805776020947178,0.0,3.847844513994241,True,0.1808505032693018
km20_merge6,0.3642857142857143,4,2.421586483100829,5,2,1.7021270850386494,-0.506200142403123,5.91828761866174,0.25,3.1893176875787956,-13.719923351946637,19.805776020947178,0.0,3.9947541370795907,True,0.17527666854774432
agg7 x fmt,0.625,3,1.9283094474903573,8,2,1.017891704126299,-1.7944382441572648,6.230271500017137,0.3333333333333333,3.9619900497420835,-13.661934173044097,18.972469289480948,0.25,4.091461265549455,True,0.16561994656015316
km16_merge6,0.3857142857142858,6,2.3288375336794047,3,1,1.1172490886327782,-1.5778590652855382,5.75797216620787,0.3333333333333333,5.6796721755946225,-11.70905099505641,29.446263770519156,1.25,8.492761739803225,True,0.11823875799686609
km16_merge5,0.49999999999999994,5,2.2275521557840423,3,1,1.2220958114343268,-0.6798920179314749,5.869962883105709,0.4,5.886564524021391,-11.411022408678551,29.446263770519156,1.0,7.9128676166412255,True,0.1161384089937044
km16_merge4,0.6,4,2.185366507300974,3,1,1.367625292653002,-1.0136690995655595,6.554005438051046,0.25,6.686786671677943,-11.749603685657307,29.446263770519156,0.75,6.848548856559159,True,0.11424500833959846
v2_12,0.05357142857142858,7,2.3970432223755673,0,0,1.0892690648880545,-0.8297723020706737,5.130454627427206,0.5714285714285714,6.211236314624429,-12.851337677741151,34.62693775896012,1.25,10.514415018888696,True,0.05520580664480035
random_7,-0.2,6,1.2670124326710441,0,0,0.6553178642884803,-0.7477266395357941,2.1663557932646564,0.5,4.590240283913818,-12.975939318761293,27.284393004587834,0.5,8.97407450506972,True,0.04443855501348318
random_6,0.17142857142857146,6,1.4346373274627562,0,0,0.35450654338861143,-0.9102599234807774,2.171497875056755,0.3333333333333333,3.734266532059969,-12.105103673620365,27.2851771280611,0.5,5.128389111570321,True,0.04215795342645112
random_4,0.5142857142857143,6,1.300872755594638,0,0,0.6212949531351218,-1.0976028652364986,1.6882910948545011,0.16666666666666666,2.7695843089423198,-13.419045516028298,18.764202930016644,0.25,5.723258548712745,True,0.03641079025838834
km12_merge4,-0.2,3,1.1904055236908107,0,0,1.0364940131423164,-2.587990324215845,2.1638704700662834,0.0,2.8955531933057195,-12.380268210207346,17.792911738504113,0.0,1.4232662176201414,True,0.029838082341400327
family,0.34285714285714286,5,2.547491142893096,0,0,1.3088144677640978,0.4233540790649781,7.4025708184627135,0.2,4.996044629902071,-11.490137036998407,27.543818130612593,1.0,9.230242502152686,True,0.029672029586355647
km20_merge4,0.5499999999999999,4,2.3531579286149666,0,0,1.9781045535282011,-0.1469394118882522,5.388451541472896,0.25,2.9186078891929244,-13.651349550346218,18.45601403889396,0.0,3.9958490242152642,True,0.02683399196959213
random_5,-0.12857142857142856,6,1.3827852919667476,0,0,1.3305700433819043,-0.979197964153585,3.1652793017737992,0.3333333333333333,2.656503309459586,-12.346446404726366,16.861215634085386,0.0,2.7519658425786453,True,0.022840614102377595
random_0,-0.31428571428571433,6,0.965565851087092,0,0,0.9831589616023166,-1.615840974162565,2.498187460111378,0.16666666666666666,2.7172169953547374,-12.804577851455695,17.55147343863183,0.0,4.718890381553507,True,0.019536399141224053
random_3,-0.32857142857142857,6,0.9686232941873741,0,0,1.1130688298886575,-0.7097609188463131,3.8129816451832292,0.5,3.8874099237149373,-11.81564202985173,21.757973262802352,1.0,9.42967338064753,True,0.01524134033071408
random_1,-0.24285714285714285,6,1.4758329269184816,0,0,1.3985308045057332,-0.3874780536267764,4.813609065178532,0.3333333333333333,3.320914456150215,-12.172656284664868,21.172788570231965,0.5,6.488204395541908,True,0.013666590942303325
random_2,0.18571428571428575,6,1.3208905877715105,0,0,0.665114918206466,-0.8440460971772183,5.323617810390058,0.5,3.9569857612014947,-12.92863964536,25.703852586129322,0.25,6.840154438308107,True,0.009463479799398392
km8_merge4,0.15000000000000002,0,,0,0,,,,,,,,,,False,
km8_merge5,0.37500000000000006,0,,0,0,,,,,,,,,,False,
km8_merge6,0.18571428571428572,0,,0,0,,,,,,,,,,False,
km12_merge5,0.075,0,1.3487214700233405,0,0,0.3940578427731878,,,,,,,,,False,
km12_merge6,0.014285714285714249,0,1.3471484407055954,0,0,0.2914908114143975,,,,,,,,,False,
agg4,,0,,0,0,,,,,,,,,,False,
agg5,,0,,0,0,,,,,,,,,,False,
agg6,,0,,0,0,,,,,,,,,,False,
agg7,0.0,0,,0,0,,,,,,,,,,False,
agg8,0.0,0,,0,0,,,,,,,,,,False,
agg4 x fmt,,0,,0,0,,,,,,,,,,False,
agg5 x fmt,,0,,0,0,,,,,,,,,,False,
agg6 x fmt,,0,,0,0,,,,,,,,,,False,
