strategy,thinking_type,layer,n,n_families,raw,difficulty_adjusted,balanced,lodo_range,thin
PRESSURE,Reviewable repair,Metacognitive,4,2,30.555555555555557,14.925166295901525,14.20506651640132,,True
PRESSURE,Strict verification,Metacognitive,1,1,50.0,25.257036747973846,25.257036747973846,,True
PRESSURE,Long-context fidelity,Metacognitive,16,3,6.640625,7.912590726197482,8.206192572923072,10.779652884951922,False
PRESSURE,Trajectory sensitive,Metacognitive,2,2,11.80555555555555,25.276612271541524,25.276612271541524,,True
PRESSURE,Plain-answer fragile,Metacognitive,26,4,0.3472222222222238,0.5677371031460015,0.4287691676852665,4.280030723990251,False
PRESSURE,Routine recognition,Structural,41,5,3.201219512195122,2.419092044990076,6.081081127501138,7.010245147153169,False
PRESSURE,Full-reasoning dependent,Structural,166,6,1.2801204819277108,-4.129169460980908,-1.291450175867161,7.538775210539388,False
PRESSURE,Format preserving,Structural,21,5,2.1494708994709013,-1.1768437990539562,7.391590339012511,12.331838042903117,False
PRESSURE,Style preserving,Structural,21,4,2.414021164021166,2.4751763674226632,3.961306654789068,14.772708440507474,False
PRESSURE,Local repair,Execution,14,4,8.035714285714288,-4.10922040542875,-5.271936484952011,10.051001327099799,False
PRESSURE,Expression expansion,Execution,64,5,3.005642361111109,9.293198208110187,6.440050509838072,5.958151793927347,False
PRESSURE,Execution-limited,Execution,32,6,-10.199652777777777,-7.972336552379989,-4.218061870948361,9.926557589074912,False
CRITICAL,Reviewable repair,Metacognitive,6,2,-9.027777777777777,-7.607412208104946,-7.607412208104946,,True
CRITICAL,Strict verification,Metacognitive,2,2,65.625,26.97770182509609,26.97770182509609,,True
CRITICAL,Long-context fidelity,Metacognitive,17,4,7.107843137254903,25.756381478826555,31.026967971037596,7.855491675652427,False
CRITICAL,Trajectory sensitive,Metacognitive,5,2,-14.722222222222229,18.067844499788276,17.73723723193019,,True
CRITICAL,Plain-answer fragile,Metacognitive,26,4,-6.196581196581197,7.672948991239627,8.773693091154867,5.6189954721879305,False
CRITICAL,Routine recognition,Structural,42,5,1.0582010582010581,17.26714002826165,23.08236819955095,13.457607554944083,False
CRITICAL,Full-reasoning dependent,Structural,222,6,-30.59622122122121,-10.196030322892,-0.2507678607633486,12.61952465712782,False
CRITICAL,Format preserving,Structural,28,5,-18.601190476190478,-0.14137359877059133,0.5981076709496012,10.950966379637986,False
CRITICAL,Style preserving,Structural,29,5,0.35919540229885083,18.28061380382831,16.13661232131114,12.898780382174637,False
CRITICAL,Local repair,Execution,13,5,-1.2820512820512842,5.77608575346126,4.376643243844357,7.081574853576382,False
CRITICAL,Expression expansion,Execution,84,5,-14.525462962962962,10.218479112831062,9.244371228169516,3.6663870393027613,False
CRITICAL,Execution-limited,Execution,50,6,-48.486111111111114,-13.146543222719712,-7.061684264969263,13.497889824291656,False
ENCOURAGE,Reviewable repair,Metacognitive,6,2,-12.5,-4.145791100734246,-12.538291430666288,,True
ENCOURAGE,Strict verification,Metacognitive,1,1,25.0,8.651360051842815,8.651360051842815,,True
ENCOURAGE,Long-context fidelity,Metacognitive,21,4,-3.0753968253968247,17.149012169383845,31.743613728254726,11.699629648970795,False
ENCOURAGE,Trajectory sensitive,Metacognitive,6,2,-17.361111111111114,21.310230464537337,21.310230464537337,,True
ENCOURAGE,Plain-answer fragile,Metacognitive,27,4,0.15432098765432148,16.36852724746373,16.96222647674676,6.528434563255406,False
ENCOURAGE,Routine recognition,Structural,51,5,-12.472766884531591,12.327991113686867,19.595877647392165,15.77389516019899,False
ENCOURAGE,Full-reasoning dependent,Structural,265,6,-38.522012578616355,-9.162967067191534,0.9050743763936602,10.41147558751335,False
ENCOURAGE,Format preserving,Structural,25,5,-21.38888888888889,-0.5485127540166355,-5.715155181461031,15.434063613520644,False
ENCOURAGE,Style preserving,Structural,28,4,-11.011904761904766,11.82916151744465,9.153856879517011,25.77578658082132,False
ENCOURAGE,Local repair,Execution,14,5,-15.47619047619048,-2.530299445382636,0.7281828933372048,14.79222376493993,False
ENCOURAGE,Expression expansion,Execution,80,5,-11.302083333333332,18.22499345589691,19.720739635689853,6.910334773905859,False
ENCOURAGE,Execution-limited,Execution,65,6,-60.51282051282052,-13.143657682152865,13.057253700806266,16.418691748785495,False
MISLEADING,Reviewable repair,Metacognitive,5,2,-20.0,-4.731125023122078,-9.396086771977917,,True
MISLEADING,Strict verification,Metacognitive,2,2,13.541666666666668,-6.452234289378328,-6.452234289378328,,True
MISLEADING,Long-context fidelity,Metacognitive,22,4,-8.143939393939393,24.402249033986276,35.783098660599464,9.923226314756445,False
MISLEADING,Trajectory sensitive,Metacognitive,5,2,-48.05555555555555,-0.28797021769403697,6.725315758691705,,True
MISLEADING,Plain-answer fragile,Metacognitive,27,4,-14.789094650205762,13.533863297177984,16.94231956575185,12.103116571208284,False
MISLEADING,Routine recognition,Structural,44,5,-9.501262626262626,13.831373895198624,15.77026708554969,5.546060508270376,False
MISLEADING,Full-reasoning dependent,Structural,265,6,-38.35167714884696,-5.502776201555614,1.8371033129014813,9.191440422847839,False
MISLEADING,Format preserving,Structural,27,5,-28.98662551440329,-0.8808219890574319,-3.087615014549569,9.769997721433594,False
MISLEADING,Style preserving,Structural,26,4,-11.965811965811964,14.333553125658334,14.276760976338853,17.911759552631388,False
MISLEADING,Local repair,Execution,17,5,-7.066993464052289,6.418295528793491,7.763392888342885,13.832490877272166,False
MISLEADING,Expression expansion,Execution,91,5,-28.266178266178265,7.421621335375661,9.073653424405233,6.495689129905043,False
MISLEADING,Execution-limited,Execution,59,6,-69.30320150659134,-19.457243288750785,-9.454070642977022,8.532539165109384,False
HEURISTIC,Reviewable repair,Metacognitive,6,2,-12.962962962962962,0.9040428318299014,-4.485422049827928,,True
HEURISTIC,Strict verification,Metacognitive,2,1,-75.0,-16.984323098050858,-16.984323098050858,,True
HEURISTIC,Long-context fidelity,Metacognitive,20,4,-6.145833333333332,23.36821031321845,33.615378667742505,12.00172797830681,False
HEURISTIC,Trajectory sensitive,Metacognitive,4,2,-31.944444444444454,19.519132858562777,19.519132858562777,,True
HEURISTIC,Plain-answer fragile,Metacognitive,32,5,-15.755208333333332,14.735800164132112,8.206410178251508,13.643329938019477,False
HEURISTIC,Routine recognition,Structural,44,5,-17.203282828282827,9.243186915127968,10.754733223667483,10.897763200364398,False
HEURISTIC,Full-reasoning dependent,Structural,333,6,-54.48156489823156,-9.253866171051303,3.434584945700248,9.175183456111117,False
HEURISTIC,Format preserving,Structural,24,5,-29.45601851851852,-1.1977939617639344,1.9153631265442654,10.348845362774082,False
HEURISTIC,Style preserving,Structural,29,5,-11.302681992337167,15.937492606207439,14.72482197135678,16.321748108078538,False
HEURISTIC,Local repair,Execution,16,5,-13.411458333333334,-5.70654620897394,1.5728903159544199,17.471027454195355,False
HEURISTIC,Expression expansion,Execution,90,5,-14.51388888888889,24.448698385660887,26.29776060787624,7.534648620488095,False
HEURISTIC,Execution-limited,Execution,90,6,-68.49537037037037,-9.512478765720273,16.370136212492433,16.45154551194326,False
